res_group_mapping,MJ_min,MJ_max,zeta1,zeta2,IDP_weight,OP_weight,MDP_weight,train_IDP_rRMSE,train_IDP_delta,test_IDP_rRMSE,test_IDP_delta,train_OP_rRMSE,train_OP_delta,train_MDP_rRMSE,train_MDP_delta
default,0.0,0.8,20.0,30.0,1.0,0.0,0.0,0.08848599478388366,0.07678781379820207,0.16312838603008162,0.20816939910102783,0.3702215817500433,0.33471421282961933,0.15612651385745416,-0.315422515570533
default,0.0,0.8,1.0,10.0,0.0,1.0,1.0,0.13372144764588018,0.14976619011929382,0.17545872449003874,0.3116283924798975,0.16799616435359704,0.09979971424186547,0.2657040117189207,-0.7751170033041256
default,0.0,0.8,40.0,50.0,0.25,0.5,0.25,0.10465516828746103,0.11352196041806852,0.19326605141968703,0.31722630100586025,0.3313144471925034,0.28792118005536865,0.19691209465064263,-0.4556185870916953
default,0.0,0.8,1.0,1.0,0.5,0.5,0.5,0.1000978907475303,0.10044056684601185,0.12828137059569758,0.105943325820191,0.16461760098621342,0.1138987477715796,0.25038093750205265,-0.726154486645178
default,0.0,0.8,5.0,5.0,0.0,0.0,1.0,0.12528430369149526,0.1631466342766008,0.14613832991248007,0.22437573696054317,0.35480503221942317,0.3143516700919792,0.14666103304687939,-0.3466120893954363
default,0.0,0.8,40.0,50.0,0.5,1.0,0.75,0.10293424947470933,0.11214133009525235,0.19143406312932493,0.3134209984320518,0.303538627309469,0.25113940150341174,0.21588356659569027,-0.5369849782978183
default,0.0,0.8,40.0,50.0,0.0,0.25,1.0,0.12611663942825224,0.16102854907206127,0.19145262116885597,0.3407257433887883,0.3626119693545521,0.32844020901663756,0.13048004611165545,-0.15495375655248617
default,0.0,0.8,40.0,50.0,0.0,0.0,0.2,0.15971320158660252,0.22470521578846264,0.2506211275016518,0.5104276876927648,0.4246142188591812,0.38727586252444424,0.16819400812660495,0.2623071024934824
default,0.0,0.8,5.0,10.0,0.0,0.0,1.0,0.12368426161242012,0.15906292485506932,0.15095655824188398,0.23651959135169884,0.36616594430337446,0.33055386137025394,0.12687910260781998,-0.2224888615786596
default,0.0,0.8,5.0,1.0,0.5,0.5,0.5,0.10676169046583861,0.1288289479968837,0.136093582262647,0.16271388825401514,0.20034029056147815,0.14002189180307356,0.23973086787558026,-0.6697015173079574
default,0.0,0.8,0.01,0.005,0.6,1.0,1.0,0.09243586256393924,0.06930288736464946,0.12014810841647698,0.07764596203514193,0.1784872807903342,0.12440723668248954,0.19764336262190224,-0.5489846174329814
default,0.0,0.8,1.0,5.0,0.0,0.0,1.0,0.12110002152213177,0.1559141784181445,0.13889937842710953,0.1999017014920058,0.34017737703160633,0.30025253335082863,0.14866954737773277,-0.362801968595933
default,0.0,0.8,20.0,30.0,0.5,0.5,0.5,0.09861840374036006,0.1028507139797653,0.1841845164821961,0.2860915596928872,0.3139151616805005,0.26450364005132004,0.20790576943629263,-0.515157765553337
default,0.0,0.8,0.01,0.005,0.8,0.8,1.0,0.08667073806689557,0.05143605392947668,0.11806097775645766,0.044498177573101004,0.18814734710257833,0.1312234781575651,0.1882345345013283,-0.502076491299912
default,0.0,0.8,20.0,30.0,0.0,0.5,0.0,0.08781647923924138,0.051110671662521305,0.19578986036316415,0.28009845813262846,0.25536424521338613,0.19869847721982015,0.28264384280004357,-0.7700893821782192
default,0.0,0.8,40.0,50.0,0.25,1.0,0.0,0.08262173248982292,0.03314364342725178,0.18342970218149024,0.23113388178567293,0.2507231039689148,0.19470590047235387,0.2898144567052275,-0.8177976213220908
default,0.0,0.8,40.0,50.0,0.0,0.75,0.25,0.10672627150577302,0.1157520114386684,0.2035886960640337,0.34496011964885226,0.3054423732309212,0.25723007404718556,0.22122520985383404,-0.5195972177849056
default,0.0,0.8,10.0,10.0,0.0,0.0,0.5,0.12932930716655322,0.16781428083718655,0.17244900925051385,0.296566536986446,0.37634591504255055,0.3390507267364823,0.13513294877981696,-0.17390096033240438
default,0.0,0.8,10.0,5.0,1.0,0.0,1.0,0.08330090177055423,0.06750054152054659,0.12670371187961285,0.08983844086479947,0.33670849931992297,0.3016524517039161,0.17486458735750948,-0.4493728207726557
default,0.0,0.8,5.0,5.0,0.5,0.5,0.5,0.10097462188557907,0.11388659492707531,0.16291563998049285,0.24492322022769258,0.2338965312764535,0.17227756707451963,0.24046517056934513,-0.6569360680061511
default,0.0,0.8,1.0,1.0,0.0,0.0,1.0,0.12355864889090788,0.16238529540508365,0.12784324775063227,0.16201714409143383,0.31678848626491773,0.2685298161702626,0.1757161446379753,-0.4737517217343145
default,0.0,0.8,40.0,50.0,0.0,0.75,0.5,0.10740995998986623,0.12089144830777351,0.19768112832199192,0.33313451096370894,0.3098816269414889,0.2658350618756967,0.21127675379793995,-0.49946694323937424
default,0.0,0.8,20.0,30.0,0.75,0.25,0.25,0.08171178197244325,0.058705827649529155,0.16056416654156364,0.18705899479985766,0.3175223965588495,0.27508298082272786,0.22243322918266303,-0.597935910464285
default,0.0,0.8,0.1,0.1,0.5,1.0,1.0,0.0978014458575431,0.09236753125874148,0.12908770405749548,0.08476886809746757,0.16139625036458075,0.110120907300485,0.21215428786032367,-0.6086085116362564
default,0.0,0.8,0.008,0.005,0.9,1.0,1.0,0.08986677909728771,0.052849346161402064,0.11584652525350558,0.07096672291812421,0.18161526460635163,0.1113317847410086,0.17880539358570605,-0.49573807066344816
default,0.0,0.8,40.0,50.0,0.25,0.5,0.5,0.10665257590718763,0.11934180569015944,0.18960090077465758,0.3100632474065232,0.3340667483301499,0.2939175637832238,0.18852233499811274,-0.42212751062625525
default,0.0,0.8,20.0,30.0,0.0,1.0,0.5,0.10118897767825002,0.10267167610739492,0.19715893235213638,0.3250847286336749,0.25783555654502405,0.1957688052709361,0.26327742733801973,-0.7042152130199735
default,0.0,0.8,1.0,5.0,0.5,0.5,0.5,0.09465296764060083,0.07474657526257672,0.1550807247982157,0.2009600762519344,0.18443826691741538,0.12176964270816366,0.2618632216662092,-0.7528102251703899
default,0.0,0.8,5.0,1.0,0.0,0.0,1.0,0.12697451035017568,0.16876175881506647,0.13396614279311775,0.1851448820783461,0.322165085298182,0.27497370970212226,0.17379427973254336,-0.45663830573467507
default,0.0,0.8,20.0,30.0,0.5,1.0,0.0,0.11920589794346818,-0.1468917627143612,0.16814069838038848,-0.08490745654744633,0.17004093352554475,0.08886834779877505,0.36108256576718406,-1.1478426209742563
default,0.0,0.8,20.0,30.0,0.75,0.5,0.75,0.09181604958451091,0.08905152761527584,0.1671930183400045,0.23427040751672756,0.30163921902625035,0.2586340874646967,0.20990482798375268,-0.5433623204657863
default,0.0,0.8,20.0,30.0,0.0,0.0,1.0,0.13221857761364736,0.1733323763038448,0.17856001765018678,0.31894671826707266,0.3866287057679537,0.34979720846638146,0.12867723220624394,-0.025910712598406722
default,0.0,0.8,1.0,1.0,0.5,1.0,0.0,0.26439005260411413,-0.45491140291937854,0.3554418581269467,-0.8940659136841843,0.11510404144580497,-0.015063551987377683,0.39519295352921147,-1.2689841731158582
default,0.0,0.8,1.0,5.0,0.5,0.5,1.0,0.10511062486453056,0.11223830694426368,0.14108886145956262,0.17576392979998007,0.2101354285063184,0.15496862749443358,0.2250037680415134,-0.6273754005294527
default,0.0,0.8,5.0,1.0,0.0,0.0,0.5,0.12877053164954586,0.1711615727943838,0.14040860521508144,0.20819329020130536,0.35550378065938265,0.3039531818372716,0.16008597803202362,-0.3937501837303988
default,0.0,0.8,1.0,10.0,0.5,0.0,0.5,0.08351668868165932,0.06641742089884262,0.13396692136563962,0.11790116818892507,0.34757118884816324,0.31377382233079665,0.1529664314494319,-0.3911154910022135
default,0.0,0.8,0.01,0.002,0.5,1.0,1.0,0.09312473358908048,0.07078080009502688,0.13680660704412104,0.08858812377989461,0.19984352080389325,0.1409137346846491,0.1959664314483789,-0.5412389024287338
default,0.0,0.8,5.0,1.0,0.5,1.0,0.0,0.17654900947803662,-0.2910982654981754,0.35337704846053386,-0.8571482599327336,0.11460646902925722,0.010404209793526693,0.3920789139840852,-1.2614670510211357
default,0.0,0.8,10.0,1.0,0.5,0.0,0.0,0.06792407774928062,-0.0033687486653676837,0.12491682858862437,-0.009060242204712009,0.37080990082535087,0.3365018835479691,0.12429391210315456,-0.1993075960033677
default,0.0,0.8,40.0,50.0,0.25,0.75,0.0,0.09161405283349056,0.07571703573674449,0.195564222722748,0.29472949493618494,0.2979911606894463,0.2418624462025872,0.2545771096697918,-0.6650160103423324
default,0.0,0.8,40.0,50.0,0.0,1.0,0.5,0.10150235015132777,0.10439569381613224,0.19375813401973827,0.31582786009008096,0.2986252152262425,0.24025137274457442,0.23858465683925598,-0.6103956630474208
default,0.0,0.8,40.0,50.0,0.5,0.0,0.25,0.12616143817755643,0.1593287044312643,0.20465168117695268,0.36955703704728865,0.4239378787460334,0.3773306717310306,0.14889899124234912,-0.000474555759334775
default,0.0,0.8,1.0,10.0,0.0,0.5,1.0,0.12738414656704591,0.15750456133337679,0.1642579543149824,0.27872013359996295,0.2197158074640511,0.167438909045663,0.208729413460997,-0.5416910322549029
default,0.0,0.8,5.0,5.0,0.5,0.5,1.0,0.10947867319780971,0.1353175766695849,0.14618084111615018,0.20809543457409166,0.25294820079789243,0.1941551927486891,0.214485135895538,-0.5750829078031319
default,0.0,0.8,1.0,1.0,0.0,0.0,0.5,0.1236001250244798,0.16176306350990102,0.13355620070834498,0.18552257019413743,0.33297666214288274,0.28754638189496967,0.1669555992526182,-0.43706170043380876
default,0.0,0.8,10.0,5.0,0.5,0.0,0.5,0.08953188654770688,0.08370327302588342,0.13600642628291354,0.13826909982197527,0.3491164299222361,0.3147983837238705,0.14803205749092205,-0.3398790683260875
default,0.0,0.8,20.0,30.0,1.0,0.5,1.0,0.09735350216260134,0.10403691575715558,0.1716217037821841,0.25661363647529417,0.31564068824610253,0.2748647386860765,0.18464025908818754,-0.43482037758217484
default,0.0,0.8,10.0,1.0,0.5,0.0,0.5,0.08029215475368054,0.059322794032040785,0.12220854224898298,0.06375073633543023,0.3270758491059249,0.2849512976269762,0.18242667734265824,-0.4729306387095189
default,0.0,0.8,1.0,10.0,0.5,0.0,0.0,0.08350050902911527,-0.1035237021654119,0.15875514653048453,-0.29670165872660487,0.27451038850026277,0.23008523131184996,0.31240262343328407,-0.9927639731451856
default,0.0,0.8,20.0,30.0,0.25,0.5,0.25,0.08820439135183084,0.07135855342879023,0.18006317443365302,0.2530071664886964,0.28579116669282767,0.2336154484352023,0.2524515900479081,-0.6800631735911389
default,0.0,0.8,5.0,1.0,0.5,0.5,1.0,0.11204322414603231,0.14020838723804965,0.13032843368292515,0.1440631890240607,0.23373446163159733,0.17263078231776496,0.2146734986718596,-0.5816067608960453
default,0.0,0.8,1.0,5.0,0.0,0.0,0.5,0.1234996365373692,0.15728477144296427,0.1445150033292755,0.2176003518428202,0.37196413580913035,0.32890893614522665,0.1372986819273286,-0.29517738009853467
default,0.0,0.8,0.005,0.005,0.5,1.0,1.0,0.0948168587461919,0.06980787969703073,0.12126590359234912,0.09419208497351332,0.15607167639264846,0.10669118314719306,0.19697393090371698,-0.5443746214764206
default,0.0,0.8,40.0,50.0,0.0,0.0,0.1,0.1673091771819922,0.23825553896943966,0.25854203285887584,0.533657256905753,0.4415126304059958,0.40067102378320263,0.15236205659208726,0.2452069917311977
default,0.0,0.8,40.0,50.0,0.0,0.0,0.9,0.1387366196315748,0.1847905266390902,0.20112902510272407,0.37609660668242,0.41341329656142584,0.36987707025242444,0.1337894016692451,0.012464119655300587
default,0.0,0.8,5.0,5.0,0.5,1.0,0.0,0.23369178215983594,-0.39360292064852204,0.33574127157412703,-0.825613312053856,0.11780623806923539,0.0015967605344989605,0.3952716924350388,-1.2712832364587856
default,0.0,0.8,20.0,30.0,0.25,0.25,0.25,0.10411714021047891,0.11352057934068695,0.1883024325608242,0.30351869436522133,0.3393988771708535,0.29644199933401433,0.17626839560285051,-0.37740585951820427
default,0.0,0.8,10.0,5.0,0.5,0.0,0.0,0.08127309292813163,0.05781467032393751,0.14696511229972073,0.14260758302672955,0.3777728603793577,0.33922784937589034,0.1404324781284816,-0.2295578076066034
default,0.0,0.8,1.0,1.0,0.5,0.5,1.0,0.10710577994572883,0.12291003479532885,0.12555277497680825,0.10258371615830603,0.1988924582497315,0.14697235785486806,0.22153553482682378,-0.6197066624472962
default,0.0,0.8,5.0,5.0,0.0,0.0,0.5,0.1267710536838699,0.16426775533178578,0.15712650017393756,0.255781569514693,0.3795324020626988,0.33196235229948157,0.12796256881239904,-0.20947429587488872
default,0.0,0.8,0.02,0.005,0.8,1.0,1.0,0.08757004421240622,0.058656515246389054,0.11638520123035379,0.07385472282556169,0.18738569521555762,0.12985706561979585,0.18687017156245916,-0.4748831698665261
default,0.0,0.8,1.0,5.0,0.5,1.0,0.0,0.3163675010785874,-0.5503397484285303,0.3899355023286679,-0.9957241652283333,0.10651283403500689,-0.0210397725765633,0.3998529193931768,-1.2845854944416497
default,0.0,0.8,40.0,50.0,0.5,0.5,0.5,0.09981458344558448,0.1036733427876555,0.18101188149034056,0.2762440055569366,0.3233445399004471,0.2841855581069714,0.19466054637633834,-0.4600272561039158
default,0.0,0.8,40.0,50.0,0.0,0.5,0.0,0.12254561708364822,0.15034940652390988,0.22722222885299087,0.41847970745814983,0.34116900225393604,0.2988448641996865,0.17334587682901306,-0.2625477526924965
default,0.0,0.8,40.0,50.0,0.0,0.5,0.75,0.1253821064421864,0.15900031557993943,0.20354973126474005,0.3701699444962386,0.3435163586017118,0.3052050046141868,0.15565475401035772,-0.24816151621850915
default,0.0,0.8,1.0,10.0,0.0,0.0,0.5,0.12288903485474635,0.1550088470247,0.14524665216193264,0.21814493068114543,0.3851617887157925,0.340130347699762,0.11969948871331154,-0.18522473854031807
default,0.0,0.8,1.0,5.0,0.5,0.0,0.5,0.08064780301414358,0.061138239381650625,0.12928575899313066,0.09831361035071834,0.3477389171475356,0.3104019636623232,0.16954856169773727,-0.4493598135268935
default,0.0,0.8,5.0,1.0,0.0,0.5,1.0,0.1556386115449301,0.22585932085850624,0.15103457746094862,0.2531208591656975,0.23875544898212084,0.17681715890478747,0.20589723530569023,-0.5522801630687225
default,0.0,0.8,40.0,50.0,0.0,0.75,0.0,0.1015295642883661,0.10071215449317489,0.20873307859137305,0.3477963838611183,0.3013580685689063,0.25059155170688424,0.23862588711314967,-0.5892949241623049
default,0.0,0.8,40.0,50.0,0.0,0.75,0.75,0.11735882762163018,0.14236685074242092,0.20203609527784483,0.3571596378348235,0.3368146460332428,0.28900046240453625,0.18174140247988183,-0.39159953670981645
default,0.0,0.8,10.0,5.0,0.5,0.5,1.0,0.11460453800654125,0.14553655490998182,0.1474888958580774,0.21403200925151322,0.2667161542696628,0.21483077715490426,0.20926426374257082,-0.553153156674305
default,0.0,0.8,5.0,5.0,0.0,1.0,0.0,0.235963997458158,-0.39647513906661885,0.34343111523782255,-0.8423630582549908,0.12511754346311268,0.009044984441989786,0.39606669245896337,-1.2740978835585763
default,0.0,0.8,40.0,50.0,0.5,0.0,1.0,0.12013175382601778,0.14778777867154572,0.18087023891846574,0.306321654064299,0.4041038919051546,0.3585913022392372,0.13671131165245978,-0.11948735579803263
default,0.0,0.8,1.0,10.0,0.5,0.5,1.0,0.10134673483373856,0.10377694940924191,0.1495603387018882,0.2004770763300721,0.2162630561971737,0.1616808317612096,0.21150821544215692,-0.5681541051400328
default,0.0,0.8,10.0,10.0,0.0,0.0,0.0,0.17426820500672785,0.2512203355357054,0.27270243331183125,0.5729180929637427,0.4385591547746238,0.40531008744444913,0.19799600628623595,0.33807093090935203
default,0.0,0.8,10.0,5.0,0.0,0.0,0.5,0.13257744758873757,0.17489379214593,0.16542220728829837,0.28189322558923124,0.38759849430688026,0.3470595604603461,0.12429372437639369,-0.15450045718202873
default,0.0,0.8,20.0,30.0,0.5,1.0,0.5,0.08691237668108523,0.06870259141493981,0.18177414802407274,0.26045722478393846,0.2447918885817534,0.18471364627517867,0.2728966931213909,-0.7585450337136247
default,0.0,0.8,5.0,10.0,0.0,1.0,0.5,0.11921345050372666,0.13910960945348186,0.21450550714849473,0.40476510501255747,0.18698212665908895,0.1162415592692955,0.284609837423242,-0.7776901832537166
default,0.0,0.8,5.0,5.0,0.5,0.0,0.5,0.08675795404369463,0.07629586460781654,0.13374496453878007,0.12630130463749467,0.3585248255800707,0.3164681258506166,0.16259550656972202,-0.39844074286334874
default,0.0,0.8,20.0,30.0,0.75,0.25,0.75,0.09399972472889806,0.09402876484963214,0.16050311752193155,0.2157645734436584,0.33139884557268534,0.28860651105953805,0.17944399661735516,-0.43310101025071734
default,0.0,0.8,1.0,1.0,0.0,0.5,1.0,0.14849079269917545,0.2127616897787164,0.14423538183031923,0.2246818512075488,0.21558026537711134,0.15433995488158828,0.21583857978879203,-0.5997427458500622
default,0.0,0.8,20.0,30.0,0.0,1.0,0.0,0.10982351781935223,-0.11577043435428232,0.17160863087473305,0.012343618296537196,0.17099589240392077,0.08548145633278625,0.3532431169192837,-1.1127475151299202
default,0.0,0.8,40.0,50.0,0.25,0.5,0.0,0.10747927171630116,0.11912333037200672,0.21129756429219154,0.364168914796148,0.3336222040797846,0.2887834507048824,0.1892768059246139,-0.3857593213382261
default,0.0,0.8,0.009,0.005,0.8,1.0,1.0,0.09001660518074171,0.053434859471177924,0.123437159757929,0.05427888505535129,0.16216644783626097,0.11704149514775049,0.1922151029655102,-0.5126995213541914
default,0.0,0.8,10.0,1.0,1.0,1.0,0.5,0.08843730375349705,0.08253398795565202,0.13462074340663352,0.10248999115075752,0.17152084279636237,0.1096934006687087,0.2777528607022691,-0.8132765843366314
default,0.0,0.8,1.0,5.0,0.0,1.0,0.0,0.34464357442274746,-0.6047736645986318,0.40926473512200406,-1.0433075150052553,0.10940101072287893,-0.028820902397021782,0.39906121272379497,-1.2805317492047736
default,0.0,0.8,40.0,50.0,0.0,0.0,0.7,0.1447176229819232,0.19586984206947616,0.2137347568926405,0.40912855614633226,0.40002350810548354,0.36697156370655976,0.1311376778502254,0.09134294623426643
default,0.0,0.8,1.0,1.0,0.0,1.0,0.0,0.29955446895126836,-0.5216318624197698,0.38568783685423763,-0.9713753833666549,0.09788982176813113,-0.024595229875422387,0.39715241988887484,-1.2750956404617364
default,0.0,0.8,0.005,0.005,0.8,1.0,1.0,0.09309926134534607,0.05905292085611563,0.12078635558180288,0.09985473486617297,0.1731786007127361,0.1255751487799858,0.18274747611056333,-0.49476711474170254
default,0.0,0.8,40.0,50.0,0.25,0.5,0.75,0.11538805864937562,0.13986860006579985,0.19334359290664924,0.332557371790615,0.35753758609086544,0.3103441223495054,0.1655962255535436,-0.3141736904899569
default,0.0,0.8,5.0,10.0,0.0,1.0,0.0,0.2634535711570539,-0.4495982217660382,0.3177327840472577,-0.7802060494988384,0.11748154444285118,-0.0026410232755394373,0.395064048443389,-1.2685419508384423
default,0.0,0.8,10.0,1.0,1.0,1.0,0.0,0.15659081963626464,-0.24826084511658802,0.3102262159682347,-0.7426373920466227,0.12480906852251929,0.04166778928970449,0.3815287013804023,-1.2285415142712093
default,0.0,0.8,5.0,1.0,0.5,0.0,0.5,0.07846543280730167,0.053381209552475696,0.12045289024365577,0.052478044295972234,0.32283714222529114,0.28170214006433203,0.18593551412134612,-0.4950630897982427
default,0.0,0.8,1.0,5.0,0.0,0.5,1.0,0.13544982597992586,0.17976496557496366,0.1574885066248987,0.2603920745939152,0.2198502099734849,0.16520784707183295,0.2088855445162453,-0.5659421288809099
default,0.0,0.8,40.0,50.0,0.5,1.0,0.25,0.08528100149130334,0.05815910502293043,0.18122869252680182,0.24815953272837765,0.2659455690904817,0.21437539488897345,0.26722840081938654,-0.7348822263580141
default,0.0,0.8,20.0,30.0,1.0,0.0,0.5,0.09374698382496222,0.09111564200558993,0.1562385217579969,0.19931079336349156,0.38185672876727017,0.3408655933221345,0.14472872404008438,-0.2791730750119407
default,0.0,0.8,40.0,50.0,0.25,1.0,0.5,0.09567761529506039,0.09154763839405874,0.18513288954896323,0.2810137885009544,0.2891361711881935,0.2364475531401311,0.24732902888531874,-0.6577772215583304
default,0.0,0.8,20.0,30.0,0.0,0.5,0.5,0.11727592760155248,0.1424284722687428,0.20307946955493736,0.3604992929622251,0.30889790356899244,0.2632356468291642,0.19131822403326107,-0.42574809283311443
default,0.0,0.8,0.01,0.005,0.2,1.0,0.9,0.11186090040392956,0.11773334704926905,0.1303368556683425,0.11634967953606735,0.18529597638983078,0.1319130170831712,0.1898612909010961,-0.5023739345343466
default,0.0,0.8,1.0,10.0,0.0,0.0,0.0,0.17373338857095402,0.25046072190678637,0.27251818408508177,0.5709771202613635,0.4333878118584609,0.39974076839559514,0.20647827839824054,0.40289290582162857
default,0.0,0.8,20.0,30.0,0.5,0.5,0.0,0.07632405325432264,-0.012412013750518997,0.1654798611234449,0.13230993514203546,0.25083094198316547,0.1841533099297259,0.3016806592429769,-0.8907662466267203
default,0.0,0.8,0.01,0.005,1.0,1.0,1.0,0.0854998025364867,0.04856394525208917,0.11087430535124689,0.07261164903907052,0.18489229711642957,0.1294874652096814,0.18023282049152992,-0.47962509920220925
default,0.0,0.8,5.0,1.0,0.0,1.0,0.0,0.13954939747012368,-0.1980227828257967,0.32543989749079755,-0.7760305276438859,0.13644879070425084,0.030284832099235656,0.39195221120612844,-1.2601300776093995
default,0.0,0.8,10.0,1.0,0.5,0.5,1.0,0.11513990400390742,0.1445362957166572,0.134443895669114,0.16463915090986284,0.2415981951221665,0.18071957063261568,0.21320503353353415,-0.5753271799593112
default,0.0,0.8,10.0,5.0,0.0,0.0,0.0,0.1729911480236517,0.24925047172918716,0.27543168212463975,0.5775043152920195,0.42656958624432784,0.39732026379001384,0.1739818181851349,0.2973667710703157
default,0.0,0.8,1.0,1.0,0.5,0.0,0.5,0.07402332720204297,0.044292747874284534,0.1181475058910689,0.03191704664022897,0.30886270241361985,0.2713291634441027,0.18984322466697898,-0.5185117124918821
default,0.0,0.8,0.001,0.0005,0.5,1.0,1.0,0.09135565524939654,0.06736343345118129,0.11663782469928875,0.06267189260025968,0.1712452100464409,0.12239294508772999,0.1918287869965791,-0.5202735722359917
default,0.0,0.8,5.0,5.0,0.0,0.5,1.0,0.14048949020281445,0.1973917526502745,0.1654012985019065,0.29280402590686033,0.2617968064722474,0.20354517634549574,0.20275086942249448,-0.5201743573613299
default,0.0,0.8,0.01,0.005,0.5,1.0,1.0,0.09016957626986591,0.06953319105262218,0.11696402950964215,0.08594034462112021,0.15713703413643473,0.11134093781764239,0.18903196050866256,-0.5154881807645775
default,0.0,0.8,10.0,1.0,1.0,0.5,0.5,0.08618871966280685,0.07951411345933297,0.13388632907663336,0.10942469987428177,0.20831273181096696,0.15062599838193275,0.24173382063929474,-0.6756201811794469
default,0.0,0.8,20.0,30.0,0.25,0.5,0.75,0.11135876995733365,0.13288843390986563,0.18683450022266426,0.31608908467940033,0.3233297198986754,0.2762772785541934,0.1742409686514223,-0.3709300582112605
default,0.0,0.8,40.0,50.0,0.0,0.0,0.4,0.15142583504052196,0.2086378604950247,0.22973464121706214,0.4562282660967848,0.4245782831413143,0.3814750415526854,0.13215307510372157,0.12852537424421692
default,0.0,0.8,40.0,50.0,0.25,0.0,1.0,0.12871412267646,0.16606699298053879,0.1890814031881768,0.3348450663156034,0.3928440498987747,0.35521009383422975,0.1308568766452624,0.007286494128842533
default,0.0,0.8,20.0,30.0,0.25,0.25,0.75,0.11449576862899481,0.13858861393784933,0.18119097794161854,0.3042079273629852,0.3527731025719837,0.3074357688544973,0.15152872563324887,-0.26684897489248216
default,0.0,0.8,1.0,1.0,0.5,0.0,1.0,0.08316433087824943,0.07236932421389357,0.1175055698360791,0.05572851694693954,0.3010490167491285,0.2580399635939201,0.19049374914891792,-0.5244753222719475
default,0.0,0.8,10.0,5.0,1.0,0.5,0.0,0.12655314821412594,-0.16917131172706387,0.1763654295668102,-0.30232243491125554,0.16991865497689282,0.08783465859717979,0.3690547128462741,-1.183217461448757
default,0.0,0.8,5.0,5.0,0.0,0.5,0.5,0.13762349267300694,0.19009393502670666,0.18969340568391926,0.35634272049842364,0.2482427362680407,0.17921123688053395,0.22681402967818065,-0.5874723200118306
default,0.0,0.8,5.0,10.0,0.0,0.5,0.5,0.12461108778875585,0.1563783560200661,0.19702253008869863,0.36294540615572696,0.2469255228551075,0.19126045969910963,0.22687618936899004,-0.5738118244055556
default,0.0,0.8,1.0,10.0,0.5,1.0,1.0,0.1000512534762933,0.07565273791196243,0.15499889745391146,0.21628129203109053,0.18150223687489375,0.11825018218305654,0.2658864137170783,-0.7701469275023479
default,0.0,0.8,20.0,30.0,1.0,1.0,1.0,0.09200752757103535,0.0903476712058638,0.17430600619439138,0.25659080077619617,0.27135025383226724,0.21482385305345722,0.23453224195033898,-0.6268049595596206
default,0.0,0.8,0.01,0.005,0.4,1.0,0.8,0.09865981898267369,0.07696366353919654,0.11871815293988758,0.08737293242949905,0.2014595034168839,0.1363913094196007,0.19768976551804618,-0.5352474703547943
default,0.0,0.8,5.0,1.0,0.5,0.0,1.0,0.08742316568166779,0.08014251015635572,0.12020434973338416,0.07908859940239285,0.3176443527055454,0.27253503698149734,0.18821448947859287,-0.5059067521809362
default,0.0,0.8,1.0,5.0,0.0,0.5,0.5,0.13710117451180368,0.16841404295670662,0.18127674561221827,0.334231450153452,0.18462883382766557,0.12378415091898512,0.24948033886354135,-0.6756089907386804
default,0.0,0.8,40.0,50.0,0.0,0.5,0.25,0.11660438972760963,0.13854337582284051,0.20747660970631202,0.36524903909350254,0.3412553559506668,0.29771981811207515,0.17440400640697976,-0.328495163777131
default,0.0,0.8,10.0,5.0,0.5,1.0,1.0,0.12411632669795537,0.16491583393478104,0.15793685235840535,0.25648873012323176,0.23242556780705598,0.1642858638714781,0.24005940288419117,-0.6565016650908262
default,0.0,0.8,10.0,1.0,0.5,1.0,1.0,0.1243539867909813,0.16434867102407216,0.1417745412162918,0.18242159688844914,0.20322785659319653,0.15071151995336937,0.23086857121475174,-0.6354859811493443
default,0.0,0.8,20.0,30.0,0.75,0.5,0.25,0.07702262585531512,0.03580704657977081,0.16478744808762866,0.18043834182490437,0.2705768520007164,0.22027623474091512,0.2657849442828393,-0.7542606159168042
default,0.0,0.8,5.0,5.0,0.5,0.0,1.0,0.0920340329555774,0.09281249339818216,0.13062727989076842,0.1307402932339659,0.33337639408312925,0.2978224547938687,0.17306729270947904,-0.4460668882604619
default,0.0,0.8,1.0,1.0,0.0,0.5,0.5,0.15912429430657443,0.22993191215862172,0.1587678296740104,0.28613978179978905,0.17453236341989398,0.11564509492890324,0.24381029956334424,-0.700017099565694
default,0.0,0.8,20.0,30.0,0.5,0.0,1.0,0.10665998634831479,0.1212854737877314,0.15753520186048325,0.2293668683472067,0.37029300793181574,0.3312206840980203,0.13603277039472364,-0.24302532404281615
default,0.0,0.8,40.0,50.0,0.5,1.0,0.5,0.08995686869101636,0.07752996280985694,0.18016119646015133,0.2565909973979054,0.28149368279032727,0.23124222295007094,0.2508497753168325,-0.6781626063870616
default,0.0,0.8,10.0,10.0,0.5,1.0,1.0,0.11496591999006363,0.14425034695027994,0.171880501539109,0.2883066741756384,0.24525464246268183,0.18167514789922767,0.23581838830852594,-0.630688751079542
default,0.0,0.8,1.0,5.0,0.5,0.0,1.0,0.08898935433425485,0.085175704228919,0.12371693763898739,0.10135535284241877,0.3415364125696578,0.2952912876286606,0.17661860883289177,-0.4718794701076453
default,0.0,0.8,10.0,1.0,1.0,0.5,0.0,0.11470326840646143,-0.16618709117243644,0.2672866280531706,-0.6131690019826218,0.14845772882516728,0.07453859809768733,0.36889175125177665,-1.1835257785489544
default,0.0,0.8,5.0,1.0,0.0,0.5,0.5,0.1699256064349098,0.25256074089100344,0.17060880764732733,0.32223722332069377,0.22483839774453288,0.15740124563024258,0.22821648882599302,-0.6204203394802524
default,0.0,0.8,0.01,0.005,0.0,1.0,0.8,0.13401856014785027,0.17868504869986587,0.13677292618578174,0.19581025937978047,0.15378216667594655,0.10951151405582892,0.19384247164436952,-0.5388898338637554
default,0.0,0.8,5.0,10.0,0.0,0.5,0.0,0.19822410752388586,-0.3143692926197683,0.226341578497066,-0.41162730669162706,0.13078458799483125,0.02995544494391273,0.3909538502640614,-1.2539578577883175
default,0.0,0.8,0.015,0.005,0.8,1.0,1.0,0.08853249139428894,0.05485054374120235,0.12452884559652817,0.08464715622936403,0.18234660929144392,0.13191855891207435,0.19685040308916119,-0.5462122431190767
default,0.0,0.8,40.0,50.0,0.5,0.0,0.75,0.120302448050822,0.14915907575154316,0.18581877429267368,0.3186792654978679,0.4016990423193662,0.3636273540216703,0.1283534507118334,-0.041858724609486996
default,0.0,0.8,20.0,30.0,0.25,0.75,0.25,0.08335599454977527,0.046551429504045706,0.1795616760711159,0.23648853875478024,0.24930391884907988,0.1896455085600386,0.2832130130433772,-0.7970651532390829
default,0.0,0.8,5.0,1.0,0.0,0.0,0.0,0.1748065337287711,0.2522247692527613,0.2721857905757647,0.5711769210771149,0.44657571004368074,0.4036907078223774,0.18593939666719198,0.33922440749781974
default,0.0,0.8,40.0,50.0,0.5,0.5,0.75,0.10278811019683465,0.11237308778925806,0.17946494735915533,0.2804540364525471,0.3282652155114575,0.2854418488579021,0.1852253235828185,-0.42669232235937754
default,0.0,0.8,10.0,10.0,0.0,0.5,0.5,0.1254114865307076,0.16367495755386532,0.19516410044317184,0.35678703095192926,0.2879827090610145,0.22605718255385587,0.21577883696859193,-0.5302556966533918
default,0.0,0.8,40.0,50.0,0.0,0.5,1.0,0.1261210908945252,0.16086697341669826,0.1984591287325955,0.36050297433292733,0.35948643405673497,0.31432700269042013,0.1430509208193371,-0.17009777077398347
default,0.0,0.8,1.0,1.0,0.5,1.0,0.5,0.10890881624704872,0.11237602332481098,0.13497416461604766,0.1254290104725134,0.15820109486464623,0.083170070432808,0.274470284866335,-0.8214800327674214
default,0.0,0.8,20.0,30.0,1.0,1.0,0.5,0.07760397537366578,0.0407872969158137,0.17103795778363645,0.20838825768913585,0.24093044271332686,0.17947533481916497,0.2792884765356968,-0.7960658269206508
default,0.0,0.8,5.0,10.0,0.5,0.0,0.0,0.07175841782093552,0.01951382095127295,0.1382455512940432,0.07043345887422173,0.34597696674449535,0.3079082369956687,0.2171680658715298,-0.6068046134434233
default,0.0,0.8,40.0,50.0,0.25,1.0,0.25,0.08814731273827071,0.06634294066446199,0.18358354962697443,0.25854160494151684,0.2785074910229435,0.21846358617513187,0.26828885941480746,-0.731848300645091
default,0.0,0.8,0.008,0.005,0.8,1.0,1.0,0.09225849735566014,0.05581349220718527,0.12284238837904725,0.06077053134281642,0.1745561979250099,0.12144228407093022,0.17985657600634564,-0.49687702569036557
default,0.0,0.8,40.0,50.0,0.25,0.0,0.5,0.13486062837293172,0.17709323294734702,0.20834387829492465,0.38697611283448496,0.39985116924261566,0.36907468930167464,0.1413022579473685,0.07963605962993905
default,0.0,0.8,10.0,5.0,0.5,1.0,0.0,0.16214124749819012,-0.2511990366293923,0.25614184088514974,-0.5823084869677629,0.13849470624319665,0.041756387466029075,0.39112463880938264,-1.2579209751150617
default,0.0,0.8,1.0,1.0,0.0,0.0,0.0,0.17474016393883718,0.2516479453649784,0.27229838256401473,0.5731902320427373,0.4552634139844276,0.41148538513303945,0.16419668708186574,0.266648585577562
default,0.0,0.8,1.0,10.0,0.5,1.0,0.0,0.32431544995025663,-0.5645358504553871,0.38984105478250203,-0.9966246684464539,0.10496412215391993,-0.019633844569572227,0.399590631661754,-1.2829247346090056
default,0.0,0.8,10.0,1.0,0.5,1.0,0.5,0.11238716082288226,0.1415503104105011,0.14227673384036932,0.19378950741520645,0.18326412307410203,0.12836770457266458,0.2675054875182001,-0.7752743207711218
default,0.0,0.8,50.0,40.0,0.0,1.0,1.0,0.11818202635880147,0.14618290805342135,0.19228048443375134,0.33788767401192704,0.32196698671308016,0.26948860709407796,0.19572189549892244,-0.45543142667220693
default,0.0,0.8,0.01,0.005,0.4,1.0,0.9,0.09643113409462126,0.08249609415480837,0.11944677854504004,0.08876375240884005,0.16166654958950677,0.11301027085051912,0.183921816088639,-0.5098320305702724
default,0.0,0.8,5.0,1.0,0.5,1.0,0.5,0.11266391435946717,0.13918754546456474,0.13553577790850174,0.1588595278107157,0.1612587491712679,0.0985680480877726,0.2692430172518937,-0.783984017400052
default,0.0,0.8,5.0,5.0,1.0,0.0,0.0,0.06755915233877988,-0.036063720914109705,0.12752023519931135,-0.0869528502653105,0.32760270128121505,0.2933785749068282,0.22118317500896498,-0.6495602270187768
default,0.0,0.8,20.0,30.0,0.75,0.0,0.25,0.09356283120554229,0.08961496102953971,0.1597165977517212,0.20902775382562547,0.3691475264608473,0.3333292746578219,0.16141774349675198,-0.3505192282370102
default,0.0,0.8,5.0,5.0,0.5,1.0,0.5,0.10993272659625507,0.12802524510949456,0.17926526517750074,0.3005960340060477,0.19077425803083123,0.12216747538196807,0.279025017338454,-0.7945904343878958
default,0.0,0.8,5.0,1.0,1.0,0.0,0.0,0.07033560872522998,-0.06099275415446031,0.12975889172693056,-0.1446439147053786,0.3501427972956495,0.3131566898955415,0.17903641484757593,-0.4291251680727062
default,0.0,0.8,40.0,50.0,0.0,0.0,0.25,0.15720637428236614,0.21931556452328563,0.2427992581440889,0.4897058168022471,0.4160527422849824,0.38140205465654814,0.15756271956712453,0.24353752532622636
default,0.0,0.8,0.02,0.005,0.9,1.0,1.0,0.08841159717238578,0.04469331497356341,0.11579894561311069,0.07413004227946829,0.15790389524046555,0.10354906233878458,0.1963370235405124,-0.5335910341710467
default,0.0,0.8,10.0,5.0,0.5,1.0,0.5,0.11295002349434943,0.14096881890827417,0.17412012700800725,0.28940522990565043,0.20143640062759544,0.1345261257581222,0.2739725722850519,-0.7772360285019688
default,0.0,0.8,40.0,50.0,0.5,1.0,1.0,0.10113668462480228,0.108508446503899,0.18123694167580628,0.285194396875071,0.30418679936580933,0.2521191326880091,0.21766270825202486,-0.5568945162808726
default,0.0,0.8,10.0,1.0,0.5,1.0,0.0,0.14116770733731016,-0.2150058652078083,0.33455980569732463,-0.7941528516648395,0.12800057279515423,0.04473844125067384,0.3832154565388425,-1.2323615599607665
default,0.0,0.8,1.0,5.0,0.0,0.0,0.0,0.17464973003350084,0.2513336450462004,0.27403609340001045,0.5754890378962841,0.43559829845969256,0.4015561823801169,0.17212278959881597,0.2881966266319381
default,0.0,0.8,1.0,10.0,0.5,1.0,0.5,0.10379509818107302,0.0011345581652390591,0.18516952013582455,0.22717265247592408,0.1519773500223093,0.07979284021143258,0.2970498734095715,-0.8827009555790594
default,0.0,0.8,20.0,30.0,1.0,0.5,0.0,0.07782403075130548,-0.04749619622809796,0.1535968842460057,0.04416954667665106,0.23377774249797956,0.17358830190866506,0.3113409845671655,-0.9454873725658648
default,0.0,0.8,40.0,50.0,0.0,0.0,0.3,0.15408422214905637,0.21381821419675617,0.23523371875356383,0.4687717291486215,0.4110667504116795,0.3749486295305001,0.17403918290689793,0.23135515727474548
default,0.0,0.8,20.0,30.0,0.5,0.0,0.5,0.10776302096012723,0.12304501050840673,0.16893949839352343,0.25728531831680457,0.3790660573318428,0.3447296278719143,0.12498133120595029,-0.1535368414968558
default,0.0,0.8,1.0,5.0,0.5,1.0,0.5,0.10801497979892664,0.037012246708102894,0.16708675257514638,0.22474695087024987,0.1469957514066354,0.0704585219404677,0.3061779479677917,-0.932013143018492
default,0.0,0.8,1.0,1.0,1.0,0.0,0.0,0.07942606721832542,-0.1010982752378582,0.15460198447695683,-0.30062856033288043,0.32076627641611066,0.2857026335016699,0.21468483530664034,-0.6399023185041243
default,0.0,0.8,0.01,0.005,0.0,1.0,0.9,0.13085799984097568,0.17166714821277568,0.13600231989191006,0.1664697011798942,0.16806218746926876,0.11138574730278948,0.19958379335620843,-0.5683044697650959
default,0.0,0.8,5.0,10.0,0.0,0.5,1.0,0.13291838573604867,0.17813991829424217,0.17781261640845253,0.3217136523827896,0.2871915196451876,0.22639254093632663,0.19130003986617267,-0.46597474480163226
default,0.0,0.8,20.0,30.0,0.0,0.0,0.0,0.1735229066657254,0.2499293866937328,0.2726071778511088,0.5744457276156215,0.43645437282565125,0.3976334380596314,0.20164816385750534,0.3579406047226668
default,0.0,0.8,20.0,30.0,0.25,0.0,0.75,0.12076085686221869,0.14965359295697483,0.17381657314366714,0.2892184031789331,0.3898967214663905,0.35167363333708734,0.1287041189780638,-0.13688009933379375
default,0.0,0.8,5.0,5.0,0.0,0.0,0.0,0.17406728404492877,0.2513891015973073,0.27239671598207066,0.5715477364097301,0.4412363769229401,0.40435533986969063,0.1831408897041289,0.33715893180136697
default,0.0,0.8,5.0,10.0,0.5,0.0,0.5,0.08794233755116347,0.07912956665060582,0.1401365054974169,0.14643932101302892,0.3532559366809227,0.3178398835458372,0.15745101145425827,-0.3920436749808355
default,0.0,0.8,10.0,1.0,0.5,0.5,0.5,0.11091245820340842,0.13653499798105437,0.14222098424383992,0.17958546265153916,0.23187935637388155,0.17484142105457462,0.2362539181269706,-0.6522050481779219
default,0.0,0.8,1.0,10.0,0.5,0.5,0.0,0.30115512597636224,-0.5160987471787447,0.37685310195411365,-0.9557240039911021,0.10476663385279038,-0.01111879302620186,0.3961733502793706,-1.2727910048474143
default,0.0,0.8,1.0,5.0,0.5,1.0,1.0,0.11445878836384893,0.11749817938012831,0.14479878293607998,0.1923100538164173,0.16877963713035238,0.11350798324867876,0.2650919965351479,-0.7758494043782171
default,0.0,0.8,20.0,30.0,0.5,1.0,1.0,0.10198477448566735,0.11313267804566994,0.1822189701856896,0.29510687001471464,0.2688509960885791,0.21524925784195575,0.22941806594850686,-0.5936147834894656
default,0.0,0.8,20.0,30.0,0.75,1.0,0.75,0.09094298522112897,0.08426704943284721,0.17855061707260148,0.2635283269440765,0.25908752358191706,0.20498474813012635,0.24853818268774033,-0.6743548107346746
default,0.0,0.8,10.0,5.0,0.5,0.5,0.0,0.11046367128579934,-0.13622303645735576,0.16499783502293208,-0.22737305020169074,0.1646093591542581,0.07872740104328996,0.36808336555461785,-1.1786676049439047
default,0.0,0.8,40.0,50.0,0.0,0.25,0.25,0.13575547219445033,0.17847431762920635,0.22312712851271416,0.42595304989625266,0.378216328016127,0.33886101007528063,0.14017923301371712,-0.027810137509198363
default,0.0,0.8,1.0,1.0,0.5,0.5,0.0,0.25032897243326646,-0.42484998220030257,0.36456105192948757,-0.9114234145704246,0.10987921562347543,-0.006109376939343352,0.39600201980124927,-1.2725846742541742
default,0.0,0.8,40.0,50.0,0.5,0.0,0.5,0.1214029315407328,0.14948262440479057,0.19106406453896202,0.33198855402717276,0.40429818488412606,0.361449409802098,0.130779900436446,-0.06040626229089015
default,0.0,0.8,5.0,5.0,0.5,1.0,1.0,0.11839252266680571,0.1506298126714383,0.1581865418433778,0.2511143690317911,0.19698655031475396,0.14171276478681732,0.2435370893596946,-0.6760638163778997
default,0.0,0.8,40.0,50.0,0.0,0.0,0.0,0.17410282973378774,0.2513999665810407,0.27063717581781277,0.5687317017948471,0.4366459258737946,0.39563046508962596,0.21559131039955906,0.3845394179881041
default,0.0,0.8,40.0,50.0,0.0,0.0,0.8,0.13767471392192043,0.18310248072397206,0.2019703248555184,0.3764584798118066,0.4120128457009535,0.36612893363798144,0.13665894791787672,0.09397224470753941
default,0.0,0.8,50.0,30.0,0.0,1.0,1.0,0.1303383951760124,0.17183467377474054,0.20115868828576786,0.3716892955902278,0.32585142716391646,0.2749729860450536,0.18238038922639135,-0.37466372282153476
default,0.0,0.8,5.0,1.0,0.5,0.5,0.0,0.14703285377930256,-0.22925686093648398,0.29495044590340674,-0.7043409132236707,0.13000171661103938,0.04228854810062041,0.38624431106272966,-1.2418507742307117
default,0.0,0.8,20.0,30.0,0.75,0.75,0.25,0.07448475936529138,0.011136569465584462,0.16501173048525875,0.16190272306724174,0.2437163159864645,0.18099838906857543,0.2927544984310597,-0.8536696644784002
default,0.0,0.8,40.0,50.0,0.25,0.0,0.75,0.12628225574216898,0.16083983523057657,0.19140279593533802,0.3399962474790182,0.38493542968910827,0.35001839542614444,0.13596675756669419,-0.010475030403218536
default,0.0,0.8,5.0,5.0,0.5,0.5,0.0,0.18600019220159106,-0.29764850997622755,0.24782964139912342,-0.537322556307796,0.13085481473749008,0.02765149371993335,0.39052133315325327,-1.2544559581638348
default,0.0,0.8,20.0,30.0,0.0,0.5,1.0,0.12555114343355284,0.16280151124669487,0.19300825326641752,0.34649781392051904,0.33721803203436085,0.28698695996116685,0.1693805437833925,-0.3066799951622536
default,0.0,0.8,0.005,0.001,0.5,1.0,1.0,0.08892705413818952,0.0613783653491332,0.12104733399367136,0.0655097722472763,0.17991143929152278,0.12864472881230907,0.194793412258789,-0.541064466051833
default,0.0,0.8,40.0,50.0,0.25,1.0,1.0,0.1063694204530071,0.11970605387881217,0.18472660170147398,0.30248865327157926,0.3143197159033157,0.2594432890749969,0.21228153781047251,-0.5249252050136024
default,0.0,0.8,5.0,1.0,0.5,1.0,1.0,0.12063551963055576,0.1569419817216941,0.1359078354177526,0.16993285465146513,0.1958573413207746,0.12810720748656743,0.23483240101801822,-0.6553882422398906
default,0.0,0.8,20.0,30.0,0.25,1.0,0.25,0.08538200726831821,0.04202274465573671,0.1906924261480413,0.2619302163395411,0.23273549662777887,0.16340231182699616,0.29646633498590413,-0.8393646810028262
default,0.0,0.8,5.0,10.0,0.0,1.0,1.0,0.14017856490981268,0.18984373739513116,0.19312419017972954,0.3676217710095658,0.21246482171237255,0.15416885928773097,0.22743946209031077,-0.5862171666802533
default,0.0,0.8,1.0,10.0,0.5,0.5,0.5,0.09615149496002237,0.03661571525450296,0.16783547413445093,0.2156317274338314,0.18088469550619604,0.1194363286219692,0.26878089602188615,-0.7710867047180938
default,0.0,0.8,1.0,5.0,0.5,0.5,0.0,0.2950132741909207,-0.5101683458246694,0.370554150871797,-0.9363358187827997,0.10303260024073173,-0.014655463789048884,0.39653454715466346,-1.2743512604516298
default,0.0,0.8,10.0,1.0,0.5,0.5,0.0,0.11330044778624955,-0.14781254581189873,0.2583113358912052,-0.5921024360106274,0.14670351722909492,0.05953347987497442,0.37147472493281936,-1.193616601203746
default,0.0,0.8,40.0,50.0,0.0,1.0,0.75,0.10764700325751686,0.12112914358761483,0.1929231911131535,0.323831973123198,0.30010654556874766,0.2507684074235043,0.22116758661978209,-0.5473677788475297
default,0.0,0.8,20.0,30.0,1.0,0.0,1.0,0.0962902126195662,0.09917359393100475,0.15075830405111065,0.19652341644104684,0.37773226493745843,0.33600596984493075,0.14302355815926085,-0.2920055353570766
default,0.0,0.8,1.0,1.0,0.5,1.0,1.0,0.11906328327887426,0.13667418502613618,0.1295469141612048,0.12070579388989541,0.1560773032750366,0.09772717913603235,0.24431691212312934,-0.7161113355929504
default,0.0,0.8,40.0,50.0,0.0,0.25,0.0,0.14811027870366872,0.20198965143750428,0.24964283417143673,0.4967796594973844,0.3921895841806968,0.3541834592504903,0.16181672112824552,0.11807812132142045
default,0.0,0.8,1.0,10.0,0.0,0.0,1.0,0.12183008225511907,0.15389489368317077,0.13987546668916323,0.20524248913021778,0.36622971501833307,0.3236160040496043,0.1363345623631348,-0.30338770333391396
default,0.0,0.8,0.01,0.005,0.2,1.0,0.8,0.10638805621445985,0.10928492368675934,0.12773414978236317,0.1023174808441172,0.18224926195302193,0.13736056885405967,0.19180796426375066,-0.5355262653355723
default,0.0,0.8,0.001,0.001,0.5,1.0,1.0,0.08967678740756951,0.06828486207061818,0.11910740138558758,0.09741823442958107,0.19249686865093393,0.13999664250437222,0.19212355447447527,-0.525654435747975
default,0.0,0.8,10.0,5.0,0.5,0.5,0.5,0.10613790960461089,0.1259761989555455,0.15991390085181864,0.24243236897625428,0.257642431386834,0.1935464314606747,0.2330620534655133,-0.6316403038161398
default,0.0,0.8,5.0,5.0,0.0,0.5,0.0,0.18667705902967677,-0.2878235131099069,0.23312674258270188,-0.4584606026259918,0.13891594726153342,0.021028782903926915,0.39015351077536337,-1.2535593207221634
default,0.0,0.8,40.0,50.0,0.0,0.0,0.75,0.14069994864665053,0.18917935427134755,0.20657417630968325,0.39156773860290245,0.41166452949513066,0.3718645378190468,0.14466391177697716,0.1201727515695225
default,0.0,0.8,20.0,30.0,1.0,0.5,0.5,0.0809684271579149,0.057763699991010886,0.16219302865314997,0.19431529288054186,0.29331133874670107,0.24360875921240283,0.2381701704418718,-0.6569643009647977
default,0.0,0.8,5.0,1.0,0.0,1.0,1.0,0.1727232529643271,0.25685467053603606,0.16211811136368012,0.2945238184040772,0.2012675699683744,0.12506122592277094,0.2262193250551025,-0.6309162382150449
default,0.0,0.8,1.0,10.0,0.0,0.5,0.0,0.3311321489277158,-0.5809926496798625,0.3818266107908987,-0.9681389558066607,0.11245925900158886,-0.02176848512815527,0.4007767958090662,-1.287378460915639
default,0.0,0.8,1.0,5.0,0.0,0.5,0.0,0.32729107245227546,-0.5720684099463629,0.38919141708026406,-0.985857764713908,0.11067859838663587,-0.027157048725578396,0.39731178233482534,-1.2759209882890181
default,0.0,0.8,20.0,30.0,0.25,0.0,0.25,0.12342193654156666,0.15527429680479085,0.19584773741311032,0.3460854641055262,0.4000270328192077,0.3598416864899004,0.1358749814244925,-0.009575065958242757
default,0.0,0.8,40.0,40.0,0.0,1.0,1.0,0.12276429462079211,0.15583125552350002,0.20303073755323742,0.36979256109848735,0.31832546319528543,0.265953950851274,0.1870480970957594,-0.4015988404379765
default,0.0,0.8,20.0,30.0,0.0,0.0,0.5,0.13733468695531598,0.182681483802566,0.19965990516296167,0.3702330029240836,0.3968316978475518,0.3591277398158462,0.1358762238149329,0.10141132509076642
default,0.0,0.8,10.0,1.0,0.5,0.0,1.0,0.08882172627726302,0.08370435953473566,0.12210371422298483,0.08875109412371872,0.3162100417866641,0.27260573702463714,0.18590150003346645,-0.4917419576499044
default,0.0,0.8,40.0,50.0,0.0,0.0,0.6,0.14203568560625696,0.19140155482795007,0.21267680038662,0.40550788891420747,0.40615506025510983,0.3689498788201462,0.12154663310704948,0.05048138101838129
default,0.0,0.8,1.0,1.0,0.0,1.0,1.0,0.16094040689083777,0.2343958397964909,0.1497944541779743,0.2487904928733306,0.15111949430282387,0.09709537992141588,0.23532890841400803,-0.6812701128464754
default,0.0,0.8,10.0,5.0,0.0,0.5,0.0,0.09457671378396669,-0.06482899149396025,0.1490445662872923,-0.016966604437937714,0.17264261186633295,0.08453076383547485,0.3597067758032743,-1.1448177281161127
default,0.0,0.8,20.0,30.0,0.5,0.0,0.0,0.11364573668090747,0.13509308021686744,0.19820216542448868,0.3397953321526647,0.40307936973548053,0.3632635866764094,0.14432221472080453,-0.03673976334668595
default,0.0,0.8,1.0,10.0,0.0,0.5,0.5,0.12477481785086264,0.12889453575642115,0.18602393491074684,0.3247610047225491,0.1839176292144779,0.1231180470879997,0.2551572841130704,-0.7060136387009734
default,0.0,0.8,40.0,50.0,0.5,0.5,0.25,0.09719970355943579,0.09545148241721257,0.18278512568527958,0.279242201448301,0.3234269503311201,0.2776980084068949,0.20588030299583399,-0.4951934586056294
default,0.0,0.8,20.0,30.0,1.0,1.0,0.0,0.12419043233743032,-0.16386339339304207,0.17002789925352796,-0.14626606712463577,0.15984430102125213,0.08022388142236658,0.3640863777077392,-1.1604159335371202
default,0.0,0.8,40.0,50.0,0.5,0.5,1.0,0.10950773172770883,0.1274312560414925,0.17997511837071564,0.29470045270686085,0.34611960763810556,0.3005989536296044,0.16544226188969163,-0.3324133952131702
default,0.0,0.8,40.0,50.0,0.25,0.25,0.0,0.12988386071406086,0.16616927965624445,0.22781605052059756,0.4288217254607566,0.37504346918626136,0.3375324037756767,0.15356866238190123,-0.024418872477388727
default,0.0,0.8,1.0,5.0,0.0,1.0,1.0,0.14484256587446892,0.1854451199732868,0.1675936423081767,0.29355115054260916,0.1658585340990557,0.09468530913004791,0.2570753704638426,-0.7473477589755146
default,0.0,0.8,10.0,5.0,0.5,0.0,1.0,0.0967777845777962,0.10191007610022824,0.1317822691359606,0.14048188049111746,0.3475639611548303,0.30819396228613316,0.16836512531815592,-0.42616718860815944
default,0.0,0.8,20.0,30.0,0.25,0.75,0.75,0.10390951501507655,0.11512862311979627,0.18442311777341988,0.29878372463690983,0.28664890951222377,0.23635784758728817,0.22302115915646117,-0.5651238845287877
default,0.0,0.8,10.0,10.0,0.0,0.5,0.0,0.10442378515573643,-0.10033952209720001,0.16579063932471055,0.0046617729152035325,0.17709539897781784,0.08852248220602026,0.3560028386592354,-1.1262978952157687
default,0.0,0.8,40.0,50.0,0.25,1.0,0.75,0.10724861503564477,0.121796644053145,0.19761893737468522,0.33414725040456184,0.31480212181003414,0.25777982347341205,0.21179599134688948,-0.5095628517468611
default,0.0,0.8,1.0,10.0,0.5,0.0,1.0,0.09208568359007639,0.08913632684294011,0.12987125362518426,0.12809939452058328,0.35559640425542427,0.31129433751901464,0.16167874756040046,-0.42876169408694437
default,0.0,0.8,1.0,1.0,0.0,0.5,0.0,0.2770952304172552,-0.47857373381421503,0.38426347698164875,-0.9563384089324128,0.1136680975545301,-0.01418961542378302,0.39721803467260824,-1.2763216378004407
default,0.0,0.8,0.009,0.005,0.9,1.0,1.0,0.08885377336807612,0.048757192809414415,0.12498818550773437,0.09664376928083974,0.1842727447868378,0.12613590658404036,0.2000365731333665,-0.5363283713246904
default,0.0,0.8,10.0,5.0,0.0,0.5,0.5,0.1442658515369333,0.20330485216740535,0.19097252112236793,0.3639865294774303,0.26849795031004187,0.21215859659355207,0.2141648861060361,-0.5346861210902443
default,0.0,0.8,5.0,5.0,0.0,1.0,1.0,0.15101673482835062,0.21581844459375285,0.17928155142303978,0.3360256376787783,0.2094887267728675,0.147095782027574,0.23508882597633957,-0.6334798807953236
default,0.0,0.8,20.0,30.0,0.75,0.0,0.75,0.09751352503773625,0.10096947758864794,0.15427955558006162,0.20228952647358675,0.38840140173655385,0.3423860013705193,0.15094980966429333,-0.3197453645645645
default,0.0,0.8,40.0,50.0,0.25,0.0,0.0,0.15438205151204773,0.21395549971560343,0.2479032647298168,0.5000249288931404,0.42031581808470464,0.3849029866380764,0.17906528093463536,0.2783628521743382
default,0.0,0.8,5.0,1.0,0.0,0.5,0.0,0.10869435522217143,-0.11534889922487605,0.2719260856019045,-0.6182013950960477,0.12267715899098522,0.03546243727465895,0.3882478536543022,-1.248479881576021
default,0.0,0.8,0.01,0.01,0.5,1.0,1.0,0.10135037768129711,0.07865715155390689,0.11644025544643585,0.08328039741440485,0.18487942409625566,0.12039091784279118,0.1945937433748491,-0.5240114063433693
default,0.0,0.8,20.0,30.0,0.5,0.5,1.0,0.10522108348182178,0.12094760006603539,0.17547224444286075,0.279068850047642,0.3158070086280408,0.27384090250071563,0.1880039476944058,-0.4478122641285103
default,0.0,0.8,5.0,5.0,0.0,1.0,0.5,0.1443166588684101,0.1986743990356555,0.20657802769183228,0.40732203709461334,0.1794022366318646,0.11310932105724135,0.27922784149932117,-0.7791119180185908
default,0.0,0.8,10.0,5.0,0.0,1.0,0.0,0.15197299919137466,-0.22117249491027743,0.23706359202411054,-0.5151722658147762,0.13007099311294962,0.027204648668744988,0.390485560611957,-1.2549082311422681
default,0.0,0.8,1.0,10.0,0.0,1.0,0.0,0.3537924740111273,-0.6213571355927121,0.4075479628333635,-1.0434429916838626,0.11220006628128942,-0.031435756897287274,0.39848402784291226,-1.281754216788811
default,0.0,0.8,0.015,0.005,0.9,1.0,1.0,0.08608325554032246,0.05266764711812212,0.11288067533215697,0.050213069776361655,0.19291076837768203,0.14347583663240168,0.1932870516483279,-0.5323480371245078
default,0.0,0.8,20.0,30.0,0.25,1.0,0.75,0.10209843900208534,0.11015345706047112,0.18941036433592087,0.3133567594782484,0.2765837504204207,0.21547250402087448,0.24275071205801582,-0.6390389705729589
default,0.0,0.8,1.0,5.0,0.5,0.0,0.0,0.08137535809709902,-0.0986164171833411,0.15425666571073524,-0.27789144732431087,0.28290699715580303,0.24194269987703698,0.29890425997076653,-0.9446432642179959
default,0.0,0.8,1.0,10.0,1.0,0.0,0.5,0.07295404872723743,0.0309041839241459,0.1318941584084405,0.07218893996081338,0.35180372121813963,0.3150099723860947,0.17063278912703037,-0.4617274324038416
default,0.0,0.8,40.0,30.0,0.0,1.0,1.0,0.1280240965128313,0.16679323410883617,0.20138522551524746,0.37275179070935227,0.3095575256088241,0.261690523850468,0.1914213001604046,-0.4189051355876151
default,0.0,0.8,1.0,5.0,0.0,1.0,0.5,0.14565132808839834,0.1591702100438401,0.2052062787004494,0.389018849423404,0.14812797370676398,0.07900217409487444,0.2813126362304184,-0.8157237221943439
default,0.0,0.8,10.0,1.0,1.0,0.0,0.0,0.0685573637912464,-0.04698429847591729,0.12706179247563187,-0.10264284809529402,0.3666808915206575,0.33115331905006806,0.15990197802974457,-0.33661948058191804
default,0.0,0.8,40.0,50.0,0.0,0.25,0.5,0.12945723103317677,0.16572297111068904,0.20931212776520072,0.3865603997659004,0.37053515168033135,0.33278060345904503,0.1417348107105258,-0.1118842410223655
default,0.0,0.8,40.0,50.0,0.0,1.0,0.25,0.0943462798727236,0.08218578497552273,0.19265262211323123,0.29667256224668676,0.2760078323090177,0.21796974689202184,0.2621021902529951,-0.7015651147146824
default,0.0,0.8,5.0,5.0,0.5,0.0,0.0,0.070537187021493,0.014899888187739877,0.13293095003880448,0.04671803044296918,0.3654423626705961,0.3234686695471723,0.18743461011752294,-0.49200766814005037
default,0.0,0.8,5.0,10.0,0.0,0.0,0.0,0.17497520757495527,0.25174162885119866,0.2732863325376448,0.5758151145125628,0.42930970199990376,0.3996268188636625,0.16724660242798053,0.2950951341573331
default,0.0,0.8,10.0,5.0,1.0,0.0,0.5,0.07657262241940054,0.04726400738185463,0.12777229317401936,0.07750912800363141,0.34976379423667103,0.31352535237079027,0.1695449324393621,-0.42199773502044474
default,0.0,0.8,10.0,1.0,1.0,0.0,0.5,0.07023778070372023,0.01715174895356991,0.11888036989387046,0.0016131128006356718,0.32357986356055335,0.2808128881804122,0.18781610792547287,-0.49102510935943605
default,0.0,0.8,0.01,0.005,0.6,0.8,1.0,0.09015898719960262,0.06337218862406825,0.11608679441162358,0.07287495817478282,0.17699820671013025,0.12698133673443665,0.18925492952238135,-0.5213359735185885
default,0.0,0.8,20.0,30.0,0.0,1.0,1.0,0.11685292788282016,0.14309300958355659,0.19642236463645318,0.3483443720567563,0.27562813499921607,0.22010293194243746,0.21977305605138212,-0.5436596740026352
default,0.0,0.8,1.0,10.0,1.0,0.0,0.0,0.09526707511573862,-0.13585774315541496,0.19046446880376752,-0.4205172945474626,0.2559418919345343,0.21365470887287505,0.325963934561197,-1.0444026363009251
default,0.0,0.8,40.0,50.0,0.25,0.5,1.0,0.11728422673035177,0.14396317842894144,0.19011911220909875,0.3301980248903056,0.34795413437318895,0.30657542550559624,0.1598310678077156,-0.2832699068796754
default,0.0,0.8,5.0,1.0,0.5,0.0,0.0,0.06620448027324478,-0.02086175700727341,0.12337226257232484,-0.053909560367621984,0.3643606432483898,0.32888058881989723,0.15251686936893669,-0.3180447284791281
default,0.0,0.8,40.0,50.0,0.0,0.25,0.75,0.13212341199933983,0.17234580376054315,0.2042865650551088,0.37576773757934195,0.38577616694833694,0.343955359055248,0.13855913522833455,-0.06925006622979656
default,0.0,0.8,20.0,30.0,0.75,1.0,0.25,0.0771160817847334,0.01158796420661808,0.17542877784899424,0.19555827993894667,0.2243863718342857,0.1598477486045929,0.3022643195022839,-0.8800156839555916
default,0.0,0.8,10.0,5.0,1.0,0.0,0.0,0.06842282512126906,0.004708013946442283,0.1285735021638725,0.011550824049161154,0.35653856620582614,0.32275869146853414,0.17146749200566613,-0.4200847559269241
default,0.0,0.8,0.01,0.005,0.8,1.0,1.0,0.08528646147608597,0.04721961285625331,0.12155393686098843,0.05635258606984001,0.1710258486727622,0.12380111948098288,0.163027147942636,-0.4161446203542231
default,0.0,0.8,1.0,1.0,0.0,1.0,0.5,0.17498635645037852,0.2598202353631635,0.16899358581229126,0.31874824259992385,0.15375769451181726,0.08811212496582489,0.2721569561285504,-0.8117440540113812
default,0.0,0.8,5.0,10.0,0.0,0.0,0.5,0.12553690231801345,0.16064089213191243,0.1619822129119817,0.2652221098304013,0.389544345905292,0.34598501500017653,0.12796201290127046,-0.20299584993129546
default,0.0,0.8,1.0,1.0,0.5,0.0,0.0,0.07543054379841209,-0.08450855761891203,0.14219541818297357,-0.23349486942266495,0.3204853037417289,0.2870692039919547,0.23034463174664266,-0.6963098914787589
default,0.0,0.8,10.0,5.0,0.0,1.0,0.5,0.14948946631852517,0.2138750278571122,0.2034657394915707,0.4012697311195667,0.21632079110674074,0.14366578070085587,0.2653416006438424,-0.7269612310787346
default,0.0,0.8,40.0,50.0,0.0,0.75,1.0,0.11562207340449888,0.1399464690551477,0.19219131927227137,0.33061677310584286,0.32889702653214575,0.28466689675064766,0.18469713751815717,-0.3803104357228847
default,0.0,0.8,20.0,30.0,0.75,0.75,0.75,0.09737166955031039,0.10351636485027323,0.1834894184892254,0.28727403448227334,0.2966067445531625,0.24324886519598313,0.21429488315725082,-0.5393270125547703
default,0.0,0.8,10.0,10.0,0.0,0.0,1.0,0.1279843151075574,0.16750167904360497,0.15848617491704756,0.2597869316869395,0.3815988831851245,0.34457445784150353,0.13165541898442193,-0.22869276062878302
default,0.0,0.8,40.0,50.0,0.0,0.0,0.5,0.14738251616179027,0.200540138433168,0.22226431151253567,0.4334214095287167,0.4095988487311036,0.37785472269750586,0.1528991232263547,0.12945531763156162
default,0.0,0.8,40.0,50.0,0.25,0.0,0.25,0.14001714756042788,0.1865213559205342,0.22080519149103217,0.4236975825558837,0.4033498094116494,0.3699728766726375,0.1575016202796585,0.14960485273985588
default,0.0,0.8,5.0,1.0,0.0,1.0,0.5,0.18484871988779267,0.27936690733508523,0.18417506141288703,0.3595860496247357,0.18616338560337048,0.11329919744539872,0.25324380688574294,-0.7215157491444543
default,0.0,0.8,1.0,10.0,0.0,1.0,0.5,0.14045443298639387,0.07421613276638782,0.20522332618049643,0.3581154421634114,0.14821858874358246,0.07463858052923875,0.2972628772051533,-0.835754643386251
default,0.0,0.8,20.0,30.0,1.0,0.0,0.0,0.08848599478388366,0.07678781379820207,0.16312838603008162,0.20816939910102783,0.3702215817500433,0.33471421282961933,0.15612651385745416,-0.315422515570533
default,0.0,0.8,1.0,10.0,0.0,1.0,1.0,0.13372144764588018,0.14976619011929382,0.17545872449003874,0.3116283924798975,0.16799616435359704,0.09979971424186547,0.2657040117189207,-0.7751170033041256
default,0.0,0.8,40.0,50.0,0.25,0.5,0.25,0.10465516828746103,0.11352196041806852,0.19326605141968703,0.31722630100586025,0.3313144471925034,0.28792118005536865,0.19691209465064263,-0.4556185870916953
default,0.0,0.8,1.0,1.0,0.5,0.5,0.5,0.1000978907475303,0.10044056684601185,0.12828137059569758,0.105943325820191,0.16461760098621342,0.1138987477715796,0.25038093750205265,-0.726154486645178
default,0.0,0.8,5.0,5.0,0.0,0.0,1.0,0.12528430369149526,0.1631466342766008,0.14613832991248007,0.22437573696054317,0.35480503221942317,0.3143516700919792,0.14666103304687939,-0.3466120893954363
default,0.0,0.8,40.0,50.0,0.5,1.0,0.75,0.10293424947470933,0.11214133009525235,0.19143406312932493,0.3134209984320518,0.303538627309469,0.25113940150341174,0.21588356659569027,-0.5369849782978183
default,0.0,0.8,40.0,50.0,0.0,0.25,1.0,0.12611663942825224,0.16102854907206127,0.19145262116885597,0.3407257433887883,0.3626119693545521,0.32844020901663756,0.13048004611165545,-0.15495375655248617
default,0.0,0.8,40.0,50.0,0.0,0.0,0.2,0.15971320158660252,0.22470521578846264,0.2506211275016518,0.5104276876927648,0.4246142188591812,0.38727586252444424,0.16819400812660495,0.2623071024934824
default,0.0,0.8,0.0001,0.0001,0.8,1.0,1.0,0.09525855704440266,0.04901951973723985,0.12087957831475973,0.07773786594492328,0.19826732191083643,0.13686139053229807,0.20636434422989666,-0.5585835986296709
default,0.0,0.8,5.0,10.0,0.0,0.0,1.0,0.12368426161242012,0.15906292485506932,0.15095655824188398,0.23651959135169884,0.36616594430337446,0.33055386137025394,0.12687910260781998,-0.2224888615786596
default,0.0,0.8,5.0,1.0,0.5,0.5,0.5,0.10676169046583861,0.1288289479968837,0.136093582262647,0.16271388825401514,0.20034029056147815,0.14002189180307356,0.23973086787558026,-0.6697015173079574
default,0.0,0.8,0.01,0.005,0.6,1.0,1.0,0.09243586256393924,0.06930288736464946,0.12014810841647698,0.07764596203514193,0.1784872807903342,0.12440723668248954,0.19764336262190224,-0.5489846174329814
default,0.0,0.8,1.0,5.0,0.0,0.0,1.0,0.12110002152213177,0.1559141784181445,0.13889937842710953,0.1999017014920058,0.34017737703160633,0.30025253335082863,0.14866954737773277,-0.362801968595933
default,0.0,0.8,20.0,30.0,0.5,0.5,0.5,0.09861840374036006,0.1028507139797653,0.1841845164821961,0.2860915596928872,0.3139151616805005,0.26450364005132004,0.20790576943629263,-0.515157765553337
default,0.0,0.8,0.01,0.005,0.8,0.8,1.0,0.08667073806689557,0.05143605392947668,0.11806097775645766,0.044498177573101004,0.18814734710257833,0.1312234781575651,0.1882345345013283,-0.502076491299912
default,0.0,0.8,20.0,30.0,0.0,0.5,0.0,0.08781647923924138,0.051110671662521305,0.19578986036316415,0.28009845813262846,0.25536424521338613,0.19869847721982015,0.28264384280004357,-0.7700893821782192
default,0.0,0.8,40.0,50.0,0.25,1.0,0.0,0.08262173248982292,0.03314364342725178,0.18342970218149024,0.23113388178567293,0.2507231039689148,0.19470590047235387,0.2898144567052275,-0.8177976213220908
default,0.0,0.8,40.0,50.0,0.0,0.75,0.25,0.10672627150577302,0.1157520114386684,0.2035886960640337,0.34496011964885226,0.3054423732309212,0.25723007404718556,0.22122520985383404,-0.5195972177849056
default,0.0,0.8,10.0,10.0,0.0,0.0,0.5,0.12932930716655322,0.16781428083718655,0.17244900925051385,0.296566536986446,0.37634591504255055,0.3390507267364823,0.13513294877981696,-0.17390096033240438
default,0.0,0.8,10.0,5.0,1.0,0.0,1.0,0.08330090177055423,0.06750054152054659,0.12670371187961285,0.08983844086479947,0.33670849931992297,0.3016524517039161,0.17486458735750948,-0.4493728207726557
default,0.0,0.8,5.0,5.0,0.5,0.5,0.5,0.10097462188557907,0.11388659492707531,0.16291563998049285,0.24492322022769258,0.2338965312764535,0.17227756707451963,0.24046517056934513,-0.6569360680061511
default,0.0,0.8,1.0,1.0,0.0,0.0,1.0,0.12355864889090788,0.16238529540508365,0.12784324775063227,0.16201714409143383,0.31678848626491773,0.2685298161702626,0.1757161446379753,-0.4737517217343145
default,0.0,0.8,40.0,50.0,0.0,0.75,0.5,0.10740995998986623,0.12089144830777351,0.19768112832199192,0.33313451096370894,0.3098816269414889,0.2658350618756967,0.21127675379793995,-0.49946694323937424
default,0.0,0.8,20.0,30.0,0.75,0.25,0.25,0.08171178197244325,0.058705827649529155,0.16056416654156364,0.18705899479985766,0.3175223965588495,0.27508298082272786,0.22243322918266303,-0.597935910464285
default,0.0,0.8,0.0005,0.0001,0.9,1.0,1.0,0.08377347465611994,0.040185813629094076,0.11215637937074718,0.08126478142459348,0.17930105137397323,0.1246724815911082,0.18901894273318792,-0.5189541084782344
default,0.0,0.8,0.1,0.1,0.5,1.0,1.0,0.0978014458575431,0.09236753125874148,0.12908770405749548,0.08476886809746757,0.16139625036458075,0.110120907300485,0.21215428786032367,-0.6086085116362564
default,0.0,0.8,0.008,0.005,0.9,1.0,1.0,0.08986677909728771,0.052849346161402064,0.11584652525350558,0.07096672291812421,0.18161526460635163,0.1113317847410086,0.17880539358570605,-0.49573807066344816
default,0.0,0.8,40.0,50.0,0.25,0.5,0.5,0.10665257590718763,0.11934180569015944,0.18960090077465758,0.3100632474065232,0.3340667483301499,0.2939175637832238,0.18852233499811274,-0.42212751062625525
default,0.0,0.8,20.0,30.0,0.0,1.0,0.5,0.10118897767825002,0.10267167610739492,0.19715893235213638,0.3250847286336749,0.25783555654502405,0.1957688052709361,0.26327742733801973,-0.7042152130199735
default,0.0,0.8,1.0,5.0,0.5,0.5,0.5,0.09465296764060083,0.07474657526257672,0.1550807247982157,0.2009600762519344,0.18443826691741538,0.12176964270816366,0.2618632216662092,-0.7528102251703899
default,0.0,0.8,5.0,1.0,0.0,0.0,1.0,0.12697451035017568,0.16876175881506647,0.13396614279311775,0.1851448820783461,0.322165085298182,0.27497370970212226,0.17379427973254336,-0.45663830573467507
default,0.0,0.8,20.0,30.0,0.5,1.0,0.0,0.11920589794346818,-0.1468917627143612,0.16814069838038848,-0.08490745654744633,0.17004093352554475,0.08886834779877505,0.36108256576718406,-1.1478426209742563
default,0.0,0.8,1e-05,1e-05,0.5,1.0,1.0,0.09466896696903057,0.06891696145531534,0.16625973100655328,0.10970784757081053,0.17451663824014535,0.12321785045018543,0.23217528149352054,-0.5804752401982463
default,0.0,0.8,20.0,30.0,0.75,0.5,0.75,0.09181604958451091,0.08905152761527584,0.1671930183400045,0.23427040751672756,0.30163921902625035,0.2586340874646967,0.20990482798375268,-0.5433623204657863
default,0.0,0.8,20.0,30.0,0.0,0.0,1.0,0.13221857761364736,0.1733323763038448,0.17856001765018678,0.31894671826707266,0.3866287057679537,0.34979720846638146,0.12867723220624394,-0.025910712598406722
default,0.0,0.8,1.0,1.0,0.5,1.0,0.0,0.26439005260411413,-0.45491140291937854,0.3554418581269467,-0.8940659136841843,0.11510404144580497,-0.015063551987377683,0.39519295352921147,-1.2689841731158582
default,0.0,0.8,1.0,5.0,0.5,0.5,1.0,0.10511062486453056,0.11223830694426368,0.14108886145956262,0.17576392979998007,0.2101354285063184,0.15496862749443358,0.2250037680415134,-0.6273754005294527
default,0.0,0.8,5.0,1.0,0.0,0.0,0.5,0.12877053164954586,0.1711615727943838,0.14040860521508144,0.20819329020130536,0.35550378065938265,0.3039531818372716,0.16008597803202362,-0.3937501837303988
default,0.0,0.8,1.0,10.0,0.5,0.0,0.5,0.08351668868165932,0.06641742089884262,0.13396692136563962,0.11790116818892507,0.34757118884816324,0.31377382233079665,0.1529664314494319,-0.3911154910022135
default,0.0,0.8,0.01,0.002,0.5,1.0,1.0,0.09312473358908048,0.07078080009502688,0.13680660704412104,0.08858812377989461,0.19984352080389325,0.1409137346846491,0.1959664314483789,-0.5412389024287338
default,0.0,0.8,5.0,1.0,0.5,1.0,0.0,0.17654900947803662,-0.2910982654981754,0.35337704846053386,-0.8571482599327336,0.11460646902925722,0.010404209793526693,0.3920789139840852,-1.2614670510211357
default,0.0,0.8,10.0,1.0,0.5,0.0,0.0,0.06792407774928062,-0.0033687486653676837,0.12491682858862437,-0.009060242204712009,0.37080990082535087,0.3365018835479691,0.12429391210315456,-0.1993075960033677
default,0.0,0.8,0.0001,0.0005,0.9,1.0,1.0,0.08565322710253666,0.03435634168958915,0.1229228335929582,0.053854312577799476,0.18494721660295638,0.14004459798846283,0.1709698366005887,-0.4641953153143357
default,0.0,0.8,40.0,50.0,0.25,0.75,0.0,0.09161405283349056,0.07571703573674449,0.195564222722748,0.29472949493618494,0.2979911606894463,0.2418624462025872,0.2545771096697918,-0.6650160103423324
default,0.0,0.8,40.0,50.0,0.0,1.0,0.5,0.10150235015132777,0.10439569381613224,0.19375813401973827,0.31582786009008096,0.2986252152262425,0.24025137274457442,0.23858465683925598,-0.6103956630474208
default,0.0,0.8,40.0,50.0,0.5,0.0,0.25,0.12616143817755643,0.1593287044312643,0.20465168117695268,0.36955703704728865,0.4239378787460334,0.3773306717310306,0.14889899124234912,-0.000474555759334775
default,0.0,0.8,1.0,10.0,0.0,0.5,1.0,0.12738414656704591,0.15750456133337679,0.1642579543149824,0.27872013359996295,0.2197158074640511,0.167438909045663,0.208729413460997,-0.5416910322549029
default,0.0,0.8,5.0,5.0,0.5,0.5,1.0,0.10947867319780971,0.1353175766695849,0.14618084111615018,0.20809543457409166,0.25294820079789243,0.1941551927486891,0.214485135895538,-0.5750829078031319
default,0.0,0.8,1.0,1.0,0.0,0.0,0.5,0.1236001250244798,0.16176306350990102,0.13355620070834498,0.18552257019413743,0.33297666214288274,0.28754638189496967,0.1669555992526182,-0.43706170043380876
default,0.0,0.8,10.0,5.0,0.5,0.0,0.5,0.08953188654770688,0.08370327302588342,0.13600642628291354,0.13826909982197527,0.3491164299222361,0.3147983837238705,0.14803205749092205,-0.3398790683260875
default,0.0,0.8,20.0,30.0,1.0,0.5,1.0,0.09735350216260134,0.10403691575715558,0.1716217037821841,0.25661363647529417,0.31564068824610253,0.2748647386860765,0.18464025908818754,-0.43482037758217484
default,0.0,0.8,10.0,1.0,0.5,0.0,0.5,0.08029215475368054,0.059322794032040785,0.12220854224898298,0.06375073633543023,0.3270758491059249,0.2849512976269762,0.18242667734265824,-0.4729306387095189
default,0.0,0.8,1.0,10.0,0.5,0.0,0.0,0.08350050902911527,-0.1035237021654119,0.15875514653048453,-0.29670165872660487,0.27451038850026277,0.23008523131184996,0.31240262343328407,-0.9927639731451856
default,0.0,0.8,20.0,30.0,0.25,0.5,0.25,0.08820439135183084,0.07135855342879023,0.18006317443365302,0.2530071664886964,0.28579116669282767,0.2336154484352023,0.2524515900479081,-0.6800631735911389
default,0.0,0.8,5.0,1.0,0.5,0.5,1.0,0.11204322414603231,0.14020838723804965,0.13032843368292515,0.1440631890240607,0.23373446163159733,0.17263078231776496,0.2146734986718596,-0.5816067608960453
default,0.0,0.8,1.0,5.0,0.0,0.0,0.5,0.1234996365373692,0.15728477144296427,0.1445150033292755,0.2176003518428202,0.37196413580913035,0.32890893614522665,0.1372986819273286,-0.29517738009853467
default,0.0,0.8,0.005,0.005,0.5,1.0,1.0,0.0948168587461919,0.06980787969703073,0.12126590359234912,0.09419208497351332,0.15607167639264846,0.10669118314719306,0.19697393090371698,-0.5443746214764206
default,0.0,0.8,40.0,50.0,0.0,0.0,0.1,0.1673091771819922,0.23825553896943966,0.25854203285887584,0.533657256905753,0.4415126304059958,0.40067102378320263,0.15236205659208726,0.2452069917311977
default,0.0,0.8,40.0,50.0,0.0,0.0,0.9,0.1387366196315748,0.1847905266390902,0.20112902510272407,0.37609660668242,0.41341329656142584,0.36987707025242444,0.1337894016692451,0.012464119655300587
default,0.0,0.8,5.0,5.0,0.5,1.0,0.0,0.23369178215983594,-0.39360292064852204,0.33574127157412703,-0.825613312053856,0.11780623806923539,0.0015967605344989605,0.3952716924350388,-1.2712832364587856
default,0.0,0.8,20.0,30.0,0.25,0.25,0.25,0.10411714021047891,0.11352057934068695,0.1883024325608242,0.30351869436522133,0.3393988771708535,0.29644199933401433,0.17626839560285051,-0.37740585951820427
default,0.0,0.8,10.0,5.0,0.5,0.0,0.0,0.08127309292813163,0.05781467032393751,0.14696511229972073,0.14260758302672955,0.3777728603793577,0.33922784937589034,0.1404324781284816,-0.2295578076066034
default,0.0,0.8,1.0,1.0,0.5,0.5,1.0,0.10710577994572883,0.12291003479532885,0.12555277497680825,0.10258371615830603,0.1988924582497315,0.14697235785486806,0.22153553482682378,-0.6197066624472962
default,0.0,0.8,5.0,5.0,0.0,0.0,0.5,0.1267710536838699,0.16426775533178578,0.15712650017393756,0.255781569514693,0.3795324020626988,0.33196235229948157,0.12796256881239904,-0.20947429587488872
default,0.0,0.8,0.02,0.005,0.8,1.0,1.0,0.08757004421240622,0.058656515246389054,0.11638520123035379,0.07385472282556169,0.18738569521555762,0.12985706561979585,0.18687017156245916,-0.4748831698665261
default,0.0,0.8,0.0005,0.0005,0.8,1.0,1.0,0.09892355172404574,0.04659292688253146,0.11170695257214017,0.06277235937354889,0.17910355329156402,0.137110062894012,0.20134330897027064,-0.5581436425868603
default,0.0,0.8,1.0,5.0,0.5,1.0,0.0,0.3163675010785874,-0.5503397484285303,0.3899355023286679,-0.9957241652283333,0.10651283403500689,-0.0210397725765633,0.3998529193931768,-1.2845854944416497
default,0.0,0.8,40.0,50.0,0.5,0.5,0.5,0.09981458344558448,0.1036733427876555,0.18101188149034056,0.2762440055569366,0.3233445399004471,0.2841855581069714,0.19466054637633834,-0.4600272561039158
default,0.0,0.8,40.0,50.0,0.0,0.5,0.0,0.12254561708364822,0.15034940652390988,0.22722222885299087,0.41847970745814983,0.34116900225393604,0.2988448641996865,0.17334587682901306,-0.2625477526924965
default,0.0,0.8,40.0,50.0,0.0,0.5,0.75,0.1253821064421864,0.15900031557993943,0.20354973126474005,0.3701699444962386,0.3435163586017118,0.3052050046141868,0.15565475401035772,-0.24816151621850915
default,0.0,0.8,1.0,10.0,0.0,0.0,0.5,0.12288903485474635,0.1550088470247,0.14524665216193264,0.21814493068114543,0.3851617887157925,0.340130347699762,0.11969948871331154,-0.18522473854031807
default,0.0,0.8,1.0,5.0,0.5,0.0,0.5,0.08064780301414358,0.061138239381650625,0.12928575899313066,0.09831361035071834,0.3477389171475356,0.3104019636623232,0.16954856169773727,-0.4493598135268935
default,0.0,0.8,5.0,1.0,0.0,0.5,1.0,0.1556386115449301,0.22585932085850624,0.15103457746094862,0.2531208591656975,0.23875544898212084,0.17681715890478747,0.20589723530569023,-0.5522801630687225
default,0.0,0.8,40.0,50.0,0.0,0.75,0.0,0.1015295642883661,0.10071215449317489,0.20873307859137305,0.3477963838611183,0.3013580685689063,0.25059155170688424,0.23862588711314967,-0.5892949241623049
default,0.0,0.8,40.0,50.0,0.0,0.75,0.75,0.11735882762163018,0.14236685074242092,0.20203609527784483,0.3571596378348235,0.3368146460332428,0.28900046240453625,0.18174140247988183,-0.39159953670981645
default,0.0,0.8,10.0,5.0,0.5,0.5,1.0,0.11460453800654125,0.14553655490998182,0.1474888958580774,0.21403200925151322,0.2667161542696628,0.21483077715490426,0.20926426374257082,-0.553153156674305
default,0.0,0.8,5.0,5.0,0.0,1.0,0.0,0.235963997458158,-0.39647513906661885,0.34343111523782255,-0.8423630582549908,0.12511754346311268,0.009044984441989786,0.39606669245896337,-1.2740978835585763
default,0.0,0.8,40.0,50.0,0.5,0.0,1.0,0.12013175382601778,0.14778777867154572,0.18087023891846574,0.306321654064299,0.4041038919051546,0.3585913022392372,0.13671131165245978,-0.11948735579803263
default,0.0,0.8,0.001,0.001,0.9,1.0,1.0,0.09012844257018546,0.05057098735540634,0.11375615345929141,0.07281947125669361,0.17241247172127777,0.12617314574785743,0.19920682498116737,-0.5418535203247019
default,0.0,0.8,1.0,10.0,0.5,0.5,1.0,0.10134673483373856,0.10377694940924191,0.1495603387018882,0.2004770763300721,0.2162630561971737,0.1616808317612096,0.21150821544215692,-0.5681541051400328
default,0.0,0.8,10.0,10.0,0.0,0.0,0.0,0.17426820500672785,0.2512203355357054,0.27270243331183125,0.5729180929637427,0.4385591547746238,0.40531008744444913,0.19799600628623595,0.33807093090935203
default,0.0,0.8,10.0,5.0,0.0,0.0,0.5,0.13257744758873757,0.17489379214593,0.16542220728829837,0.28189322558923124,0.38759849430688026,0.3470595604603461,0.12429372437639369,-0.15450045718202873
default,0.0,0.8,20.0,30.0,0.5,1.0,0.5,0.08691237668108523,0.06870259141493981,0.18177414802407274,0.26045722478393846,0.2447918885817534,0.18471364627517867,0.2728966931213909,-0.7585450337136247
default,0.0,0.8,5.0,10.0,0.0,1.0,0.5,0.11921345050372666,0.13910960945348186,0.21450550714849473,0.40476510501255747,0.18698212665908895,0.1162415592692955,0.284609837423242,-0.7776901832537166
default,0.0,0.8,5.0,5.0,0.5,0.0,0.5,0.08675795404369463,0.07629586460781654,0.13374496453878007,0.12630130463749467,0.3585248255800707,0.3164681258506166,0.16259550656972202,-0.39844074286334874
default,0.0,0.8,20.0,30.0,0.75,0.25,0.75,0.09399972472889806,0.09402876484963214,0.16050311752193155,0.2157645734436584,0.33139884557268534,0.28860651105953805,0.17944399661735516,-0.43310101025071734
default,0.0,0.8,1.0,1.0,0.0,0.5,1.0,0.14849079269917545,0.2127616897787164,0.14423538183031923,0.2246818512075488,0.21558026537711134,0.15433995488158828,0.21583857978879203,-0.5997427458500622
default,0.0,0.8,20.0,30.0,0.0,1.0,0.0,0.10982351781935223,-0.11577043435428232,0.17160863087473305,0.012343618296537196,0.17099589240392077,0.08548145633278625,0.3532431169192837,-1.1127475151299202
default,0.0,0.8,40.0,50.0,0.25,0.5,0.0,0.10747927171630116,0.11912333037200672,0.21129756429219154,0.364168914796148,0.3336222040797846,0.2887834507048824,0.1892768059246139,-0.3857593213382261
default,0.0,0.8,0.009,0.005,0.8,1.0,1.0,0.09001660518074171,0.053434859471177924,0.123437159757929,0.05427888505535129,0.16216644783626097,0.11704149514775049,0.1922151029655102,-0.5126995213541914
default,0.0,0.8,10.0,1.0,1.0,1.0,0.5,0.08843730375349705,0.08253398795565202,0.13462074340663352,0.10248999115075752,0.17152084279636237,0.1096934006687087,0.2777528607022691,-0.8132765843366314
default,0.0,0.8,1.0,5.0,0.0,1.0,0.0,0.34464357442274746,-0.6047736645986318,0.40926473512200406,-1.0433075150052553,0.10940101072287893,-0.028820902397021782,0.39906121272379497,-1.2805317492047736
default,0.0,0.8,40.0,50.0,0.0,0.0,0.7,0.1447176229819232,0.19586984206947616,0.2137347568926405,0.40912855614633226,0.40002350810548354,0.36697156370655976,0.1311376778502254,0.09134294623426643
default,0.0,0.8,1.0,1.0,0.0,1.0,0.0,0.29955446895126836,-0.5216318624197698,0.38568783685423763,-0.9713753833666549,0.09788982176813113,-0.024595229875422387,0.39715241988887484,-1.2750956404617364
default,0.0,0.8,0.005,0.005,0.8,1.0,1.0,0.09309926134534607,0.05905292085611563,0.12078635558180288,0.09985473486617297,0.1731786007127361,0.1255751487799858,0.18274747611056333,-0.49476711474170254
default,0.0,0.8,40.0,50.0,0.25,0.5,0.75,0.11538805864937562,0.13986860006579985,0.19334359290664924,0.332557371790615,0.35753758609086544,0.3103441223495054,0.1655962255535436,-0.3141736904899569
default,0.0,0.8,5.0,10.0,0.0,1.0,0.0,0.2634535711570539,-0.4495982217660382,0.3177327840472577,-0.7802060494988384,0.11748154444285118,-0.0026410232755394373,0.395064048443389,-1.2685419508384423
default,0.0,0.8,10.0,1.0,1.0,1.0,0.0,0.15659081963626464,-0.24826084511658802,0.3102262159682347,-0.7426373920466227,0.12480906852251929,0.04166778928970449,0.3815287013804023,-1.2285415142712093
default,0.0,0.8,5.0,1.0,0.5,0.0,0.5,0.07846543280730167,0.053381209552475696,0.12045289024365577,0.052478044295972234,0.32283714222529114,0.28170214006433203,0.18593551412134612,-0.4950630897982427
default,0.0,0.8,1.0,5.0,0.0,0.5,1.0,0.13544982597992586,0.17976496557496366,0.1574885066248987,0.2603920745939152,0.2198502099734849,0.16520784707183295,0.2088855445162453,-0.5659421288809099
default,0.0,0.8,40.0,50.0,0.5,1.0,0.25,0.08528100149130334,0.05815910502293043,0.18122869252680182,0.24815953272837765,0.2659455690904817,0.21437539488897345,0.26722840081938654,-0.7348822263580141
default,0.0,0.8,20.0,30.0,1.0,0.0,0.5,0.09374698382496222,0.09111564200558993,0.1562385217579969,0.19931079336349156,0.38185672876727017,0.3408655933221345,0.14472872404008438,-0.2791730750119407
default,0.0,0.8,40.0,50.0,0.25,1.0,0.5,0.09567761529506039,0.09154763839405874,0.18513288954896323,0.2810137885009544,0.2891361711881935,0.2364475531401311,0.24732902888531874,-0.6577772215583304
default,0.0,0.8,20.0,30.0,0.0,0.5,0.5,0.11727592760155248,0.1424284722687428,0.20307946955493736,0.3604992929622251,0.30889790356899244,0.2632356468291642,0.19131822403326107,-0.42574809283311443
default,0.0,0.8,0.01,0.005,0.2,1.0,0.9,0.11186090040392956,0.11773334704926905,0.1303368556683425,0.11634967953606735,0.18529597638983078,0.1319130170831712,0.1898612909010961,-0.5023739345343466
default,0.0,0.8,1.0,10.0,0.0,0.0,0.0,0.17373338857095402,0.25046072190678637,0.27251818408508177,0.5709771202613635,0.4333878118584609,0.39974076839559514,0.20647827839824054,0.40289290582162857
default,0.0,0.8,20.0,30.0,0.5,0.5,0.0,0.07632405325432264,-0.012412013750518997,0.1654798611234449,0.13230993514203546,0.25083094198316547,0.1841533099297259,0.3016806592429769,-0.8907662466267203
default,0.0,0.8,0.01,0.005,1.0,1.0,1.0,0.0854998025364867,0.04856394525208917,0.11087430535124689,0.07261164903907052,0.18489229711642957,0.1294874652096814,0.18023282049152992,-0.47962509920220925
default,0.0,0.8,5.0,1.0,0.0,1.0,0.0,0.13954939747012368,-0.1980227828257967,0.32543989749079755,-0.7760305276438859,0.13644879070425084,0.030284832099235656,0.39195221120612844,-1.2601300776093995
default,0.0,0.8,10.0,1.0,0.5,0.5,1.0,0.11513990400390742,0.1445362957166572,0.134443895669114,0.16463915090986284,0.2415981951221665,0.18071957063261568,0.21320503353353415,-0.5753271799593112
default,0.0,0.8,10.0,5.0,0.0,0.0,0.0,0.1729911480236517,0.24925047172918716,0.27543168212463975,0.5775043152920195,0.42656958624432784,0.39732026379001384,0.1739818181851349,0.2973667710703157
default,0.0,0.8,1.0,1.0,0.5,0.0,0.5,0.07402332720204297,0.044292747874284534,0.1181475058910689,0.03191704664022897,0.30886270241361985,0.2713291634441027,0.18984322466697898,-0.5185117124918821
default,0.0,0.8,0.001,0.0005,0.5,1.0,1.0,0.09135565524939654,0.06736343345118129,0.11663782469928875,0.06267189260025968,0.1712452100464409,0.12239294508772999,0.1918287869965791,-0.5202735722359917
default,0.0,0.8,5.0,5.0,0.0,0.5,1.0,0.14048949020281445,0.1973917526502745,0.1654012985019065,0.29280402590686033,0.2617968064722474,0.20354517634549574,0.20275086942249448,-0.5201743573613299
default,0.0,0.8,0.01,0.005,0.5,1.0,1.0,0.09016957626986591,0.06953319105262218,0.11696402950964215,0.08594034462112021,0.15713703413643473,0.11134093781764239,0.18903196050866256,-0.5154881807645775
default,0.0,0.8,10.0,1.0,1.0,0.5,0.5,0.08618871966280685,0.07951411345933297,0.13388632907663336,0.10942469987428177,0.20831273181096696,0.15062599838193275,0.24173382063929474,-0.6756201811794469
default,0.0,0.8,20.0,30.0,0.25,0.5,0.75,0.11135876995733365,0.13288843390986563,0.18683450022266426,0.31608908467940033,0.3233297198986754,0.2762772785541934,0.1742409686514223,-0.3709300582112605
default,0.0,0.8,40.0,50.0,0.0,0.0,0.4,0.15142583504052196,0.2086378604950247,0.22973464121706214,0.4562282660967848,0.4245782831413143,0.3814750415526854,0.13215307510372157,0.12852537424421692
default,0.0,0.8,40.0,50.0,0.25,0.0,1.0,0.12871412267646,0.16606699298053879,0.1890814031881768,0.3348450663156034,0.3928440498987747,0.35521009383422975,0.1308568766452624,0.007286494128842533
default,0.0,0.8,20.0,30.0,0.25,0.25,0.75,0.11449576862899481,0.13858861393784933,0.18119097794161854,0.3042079273629852,0.3527731025719837,0.3074357688544973,0.15152872563324887,-0.26684897489248216
default,0.0,0.8,1.0,1.0,0.5,0.0,1.0,0.08316433087824943,0.07236932421389357,0.1175055698360791,0.05572851694693954,0.3010490167491285,0.2580399635939201,0.19049374914891792,-0.5244753222719475
default,0.0,0.8,10.0,5.0,1.0,0.5,0.0,0.12655314821412594,-0.16917131172706387,0.1763654295668102,-0.30232243491125554,0.16991865497689282,0.08783465859717979,0.3690547128462741,-1.183217461448757
default,0.0,0.8,5.0,5.0,0.0,0.5,0.5,0.13762349267300694,0.19009393502670666,0.18969340568391926,0.35634272049842364,0.2482427362680407,0.17921123688053395,0.22681402967818065,-0.5874723200118306
default,0.0,0.8,5.0,10.0,0.0,0.5,0.5,0.12461108778875585,0.1563783560200661,0.19702253008869863,0.36294540615572696,0.2469255228551075,0.19126045969910963,0.22687618936899004,-0.5738118244055556
default,0.0,0.8,1.0,10.0,0.5,1.0,1.0,0.1000512534762933,0.07565273791196243,0.15499889745391146,0.21628129203109053,0.18150223687489375,0.11825018218305654,0.2658864137170783,-0.7701469275023479
default,0.0,0.8,20.0,30.0,1.0,1.0,1.0,0.09200752757103535,0.0903476712058638,0.17430600619439138,0.25659080077619617,0.27135025383226724,0.21482385305345722,0.23453224195033898,-0.6268049595596206
default,0.0,0.8,0.01,0.005,0.4,1.0,0.8,0.09865981898267369,0.07696366353919654,0.11871815293988758,0.08737293242949905,0.2014595034168839,0.1363913094196007,0.19768976551804618,-0.5352474703547943
default,0.0,0.8,5.0,1.0,0.5,0.0,1.0,0.08742316568166779,0.08014251015635572,0.12020434973338416,0.07908859940239285,0.3176443527055454,0.27253503698149734,0.18821448947859287,-0.5059067521809362
default,0.0,0.8,1.0,5.0,0.0,0.5,0.5,0.13710117451180368,0.16841404295670662,0.18127674561221827,0.334231450153452,0.18462883382766557,0.12378415091898512,0.24948033886354135,-0.6756089907386804
default,0.0,0.8,40.0,50.0,0.0,0.5,0.25,0.11660438972760963,0.13854337582284051,0.20747660970631202,0.36524903909350254,0.3412553559506668,0.29771981811207515,0.17440400640697976,-0.328495163777131
default,0.0,0.8,10.0,5.0,0.5,1.0,1.0,0.12411632669795537,0.16491583393478104,0.15793685235840535,0.25648873012323176,0.23242556780705598,0.1642858638714781,0.24005940288419117,-0.6565016650908262
default,0.0,0.8,10.0,1.0,0.5,1.0,1.0,0.1243539867909813,0.16434867102407216,0.1417745412162918,0.18242159688844914,0.20322785659319653,0.15071151995336937,0.23086857121475174,-0.6354859811493443
default,0.0,0.8,20.0,30.0,0.75,0.5,0.25,0.07702262585531512,0.03580704657977081,0.16478744808762866,0.18043834182490437,0.2705768520007164,0.22027623474091512,0.2657849442828393,-0.7542606159168042
default,0.0,0.8,5.0,5.0,0.5,0.0,1.0,0.0920340329555774,0.09281249339818216,0.13062727989076842,0.1307402932339659,0.33337639408312925,0.2978224547938687,0.17306729270947904,-0.4460668882604619
default,0.0,0.8,1.0,1.0,0.0,0.5,0.5,0.15912429430657443,0.22993191215862172,0.1587678296740104,0.28613978179978905,0.17453236341989398,0.11564509492890324,0.24381029956334424,-0.700017099565694
default,0.0,0.8,20.0,30.0,0.5,0.0,1.0,0.10665998634831479,0.1212854737877314,0.15753520186048325,0.2293668683472067,0.37029300793181574,0.3312206840980203,0.13603277039472364,-0.24302532404281615
default,0.0,0.8,40.0,50.0,0.5,1.0,0.5,0.08995686869101636,0.07752996280985694,0.18016119646015133,0.2565909973979054,0.28149368279032727,0.23124222295007094,0.2508497753168325,-0.6781626063870616
default,0.0,0.8,10.0,10.0,0.5,1.0,1.0,0.11496591999006363,0.14425034695027994,0.171880501539109,0.2883066741756384,0.24525464246268183,0.18167514789922767,0.23581838830852594,-0.630688751079542
default,0.0,0.8,1.0,5.0,0.5,0.0,1.0,0.08898935433425485,0.085175704228919,0.12371693763898739,0.10135535284241877,0.3415364125696578,0.2952912876286606,0.17661860883289177,-0.4718794701076453
default,0.0,0.8,10.0,1.0,1.0,0.5,0.0,0.11470326840646143,-0.16618709117243644,0.2672866280531706,-0.6131690019826218,0.14845772882516728,0.07453859809768733,0.36889175125177665,-1.1835257785489544
default,0.0,0.8,5.0,1.0,0.0,0.5,0.5,0.1699256064349098,0.25256074089100344,0.17060880764732733,0.32223722332069377,0.22483839774453288,0.15740124563024258,0.22821648882599302,-0.6204203394802524
default,0.0,0.8,0.01,0.005,0.0,1.0,0.8,0.13401856014785027,0.17868504869986587,0.13677292618578174,0.19581025937978047,0.15378216667594655,0.10951151405582892,0.19384247164436952,-0.5388898338637554
default,0.0,0.8,5.0,10.0,0.0,0.5,0.0,0.19822410752388586,-0.3143692926197683,0.226341578497066,-0.41162730669162706,0.13078458799483125,0.02995544494391273,0.3909538502640614,-1.2539578577883175
default,0.0,0.8,0.015,0.005,0.8,1.0,1.0,0.08853249139428894,0.05485054374120235,0.12452884559652817,0.08464715622936403,0.18234660929144392,0.13191855891207435,0.19685040308916119,-0.5462122431190767
default,0.0,0.8,40.0,50.0,0.5,0.0,0.75,0.120302448050822,0.14915907575154316,0.18581877429267368,0.3186792654978679,0.4016990423193662,0.3636273540216703,0.1283534507118334,-0.041858724609486996
default,0.0,0.8,20.0,30.0,0.25,0.75,0.25,0.08335599454977527,0.046551429504045706,0.1795616760711159,0.23648853875478024,0.24930391884907988,0.1896455085600386,0.2832130130433772,-0.7970651532390829
default,0.0,0.8,5.0,1.0,0.0,0.0,0.0,0.1748065337287711,0.2522247692527613,0.2721857905757647,0.5711769210771149,0.44657571004368074,0.4036907078223774,0.18593939666719198,0.33922440749781974
default,0.0,0.8,40.0,50.0,0.5,0.5,0.75,0.10278811019683465,0.11237308778925806,0.17946494735915533,0.2804540364525471,0.3282652155114575,0.2854418488579021,0.1852253235828185,-0.42669232235937754
default,0.0,0.8,10.0,10.0,0.0,0.5,0.5,0.1254114865307076,0.16367495755386532,0.19516410044317184,0.35678703095192926,0.2879827090610145,0.22605718255385587,0.21577883696859193,-0.5302556966533918
default,0.0,0.8,40.0,50.0,0.0,0.5,1.0,0.1261210908945252,0.16086697341669826,0.1984591287325955,0.36050297433292733,0.35948643405673497,0.31432700269042013,0.1430509208193371,-0.17009777077398347
default,0.0,0.8,1.0,1.0,0.5,1.0,0.5,0.10890881624704872,0.11237602332481098,0.13497416461604766,0.1254290104725134,0.15820109486464623,0.083170070432808,0.274470284866335,-0.8214800327674214
default,0.0,0.8,20.0,30.0,1.0,1.0,0.5,0.07760397537366578,0.0407872969158137,0.17103795778363645,0.20838825768913585,0.24093044271332686,0.17947533481916497,0.2792884765356968,-0.7960658269206508
default,0.0,0.8,5.0,10.0,0.5,0.0,0.0,0.07175841782093552,0.01951382095127295,0.1382455512940432,0.07043345887422173,0.34597696674449535,0.3079082369956687,0.2171680658715298,-0.6068046134434233
default,0.0,0.8,40.0,50.0,0.25,1.0,0.25,0.08814731273827071,0.06634294066446199,0.18358354962697443,0.25854160494151684,0.2785074910229435,0.21846358617513187,0.26828885941480746,-0.731848300645091
default,0.0,0.8,0.008,0.005,0.8,1.0,1.0,0.09225849735566014,0.05581349220718527,0.12284238837904725,0.06077053134281642,0.1745561979250099,0.12144228407093022,0.17985657600634564,-0.49687702569036557
default,0.0,0.8,40.0,50.0,0.25,0.0,0.5,0.13486062837293172,0.17709323294734702,0.20834387829492465,0.38697611283448496,0.39985116924261566,0.36907468930167464,0.1413022579473685,0.07963605962993905
default,0.0,0.8,10.0,5.0,0.5,1.0,0.0,0.16214124749819012,-0.2511990366293923,0.25614184088514974,-0.5823084869677629,0.13849470624319665,0.041756387466029075,0.39112463880938264,-1.2579209751150617
default,0.0,0.8,1.0,1.0,0.0,0.0,0.0,0.17474016393883718,0.2516479453649784,0.27229838256401473,0.5731902320427373,0.4552634139844276,0.41148538513303945,0.16419668708186574,0.266648585577562
default,0.0,0.8,1.0,10.0,0.5,1.0,0.0,0.32431544995025663,-0.5645358504553871,0.38984105478250203,-0.9966246684464539,0.10496412215391993,-0.019633844569572227,0.399590631661754,-1.2829247346090056
default,0.0,0.8,10.0,1.0,0.5,1.0,0.5,0.11238716082288226,0.1415503104105011,0.14227673384036932,0.19378950741520645,0.18326412307410203,0.12836770457266458,0.2675054875182001,-0.7752743207711218
default,0.0,0.8,0.0001,0.0005,0.8,1.0,1.0,0.08789021105420634,0.05382166396047619,0.11034172098164409,0.08051881175323827,0.1661108489028561,0.11710046657429811,0.20392575361822693,-0.5709147785089185
default,0.0,0.8,50.0,40.0,0.0,1.0,1.0,0.11818202635880147,0.14618290805342135,0.19228048443375134,0.33788767401192704,0.32196698671308016,0.26948860709407796,0.19572189549892244,-0.45543142667220693
default,0.0,0.8,0.01,0.005,0.4,1.0,0.9,0.09643113409462126,0.08249609415480837,0.11944677854504004,0.08876375240884005,0.16166654958950677,0.11301027085051912,0.183921816088639,-0.5098320305702724
default,0.0,0.8,5.0,1.0,0.5,1.0,0.5,0.11266391435946717,0.13918754546456474,0.13553577790850174,0.1588595278107157,0.1612587491712679,0.0985680480877726,0.2692430172518937,-0.783984017400052
default,0.0,0.8,5.0,5.0,1.0,0.0,0.0,0.06755915233877988,-0.036063720914109705,0.12752023519931135,-0.0869528502653105,0.32760270128121505,0.2933785749068282,0.22118317500896498,-0.6495602270187768
default,0.0,0.8,20.0,30.0,0.75,0.0,0.25,0.09356283120554229,0.08961496102953971,0.1597165977517212,0.20902775382562547,0.3691475264608473,0.3333292746578219,0.16141774349675198,-0.3505192282370102
default,0.0,0.8,5.0,5.0,0.5,1.0,0.5,0.10993272659625507,0.12802524510949456,0.17926526517750074,0.3005960340060477,0.19077425803083123,0.12216747538196807,0.279025017338454,-0.7945904343878958
default,0.0,0.8,5.0,1.0,1.0,0.0,0.0,0.07033560872522998,-0.06099275415446031,0.12975889172693056,-0.1446439147053786,0.3501427972956495,0.3131566898955415,0.17903641484757593,-0.4291251680727062
default,0.0,0.8,40.0,50.0,0.0,0.0,0.25,0.15720637428236614,0.21931556452328563,0.2427992581440889,0.4897058168022471,0.4160527422849824,0.38140205465654814,0.15756271956712453,0.24353752532622636
default,0.0,0.8,0.02,0.005,0.9,1.0,1.0,0.08841159717238578,0.04469331497356341,0.11579894561311069,0.07413004227946829,0.15790389524046555,0.10354906233878458,0.1963370235405124,-0.5335910341710467
default,0.0,0.8,10.0,5.0,0.5,1.0,0.5,0.11295002349434943,0.14096881890827417,0.17412012700800725,0.28940522990565043,0.20143640062759544,0.1345261257581222,0.2739725722850519,-0.7772360285019688
default,0.0,0.8,40.0,50.0,0.5,1.0,1.0,0.10113668462480228,0.108508446503899,0.18123694167580628,0.285194396875071,0.30418679936580933,0.2521191326880091,0.21766270825202486,-0.5568945162808726
default,0.0,0.8,10.0,1.0,0.5,1.0,0.0,0.14116770733731016,-0.2150058652078083,0.33455980569732463,-0.7941528516648395,0.12800057279515423,0.04473844125067384,0.3832154565388425,-1.2323615599607665
default,0.0,0.8,1.0,5.0,0.0,0.0,0.0,0.17464973003350084,0.2513336450462004,0.27403609340001045,0.5754890378962841,0.43559829845969256,0.4015561823801169,0.17212278959881597,0.2881966266319381
default,0.0,0.8,1.0,10.0,0.5,1.0,0.5,0.10379509818107302,0.0011345581652390591,0.18516952013582455,0.22717265247592408,0.1519773500223093,0.07979284021143258,0.2970498734095715,-0.8827009555790594
default,0.0,0.8,20.0,30.0,1.0,0.5,0.0,0.07782403075130548,-0.04749619622809796,0.1535968842460057,0.04416954667665106,0.23377774249797956,0.17358830190866506,0.3113409845671655,-0.9454873725658648
default,0.0,0.8,40.0,50.0,0.0,0.0,0.3,0.15408422214905637,0.21381821419675617,0.23523371875356383,0.4687717291486215,0.4110667504116795,0.3749486295305001,0.17403918290689793,0.23135515727474548
default,0.0,0.8,20.0,30.0,0.5,0.0,0.5,0.10776302096012723,0.12304501050840673,0.16893949839352343,0.25728531831680457,0.3790660573318428,0.3447296278719143,0.12498133120595029,-0.1535368414968558
default,0.0,0.8,1.0,5.0,0.5,1.0,0.5,0.10801497979892664,0.037012246708102894,0.16708675257514638,0.22474695087024987,0.1469957514066354,0.0704585219404677,0.3061779479677917,-0.932013143018492
default,0.0,0.8,1.0,1.0,1.0,0.0,0.0,0.07942606721832542,-0.1010982752378582,0.15460198447695683,-0.30062856033288043,0.32076627641611066,0.2857026335016699,0.21468483530664034,-0.6399023185041243
default,0.0,0.8,0.01,0.005,0.0,1.0,0.9,0.13085799984097568,0.17166714821277568,0.13600231989191006,0.1664697011798942,0.16806218746926876,0.11138574730278948,0.19958379335620843,-0.5683044697650959
default,0.0,0.8,5.0,10.0,0.0,0.5,1.0,0.13291838573604867,0.17813991829424217,0.17781261640845253,0.3217136523827896,0.2871915196451876,0.22639254093632663,0.19130003986617267,-0.46597474480163226
default,0.0,0.8,20.0,30.0,0.0,0.0,0.0,0.1735229066657254,0.2499293866937328,0.2726071778511088,0.5744457276156215,0.43645437282565125,0.3976334380596314,0.20164816385750534,0.3579406047226668
default,0.0,0.8,0.0005,0.0005,0.9,1.0,1.0,0.09495670666784047,0.05122672833470523,0.14120700315977372,0.06590258816771268,0.1974086883921195,0.13696111109790002,0.193084976598044,-0.5378306093686406
default,0.0,0.8,20.0,30.0,0.25,0.0,0.75,0.12076085686221869,0.14965359295697483,0.17381657314366714,0.2892184031789331,0.3898967214663905,0.35167363333708734,0.1287041189780638,-0.13688009933379375
default,0.0,0.8,5.0,5.0,0.0,0.0,0.0,0.17406728404492877,0.2513891015973073,0.27239671598207066,0.5715477364097301,0.4412363769229401,0.40435533986969063,0.1831408897041289,0.33715893180136697
default,0.0,0.8,5.0,10.0,0.5,0.0,0.5,0.08794233755116347,0.07912956665060582,0.1401365054974169,0.14643932101302892,0.3532559366809227,0.3178398835458372,0.15745101145425827,-0.3920436749808355
default,0.0,0.8,10.0,1.0,0.5,0.5,0.5,0.11091245820340842,0.13653499798105437,0.14222098424383992,0.17958546265153916,0.23187935637388155,0.17484142105457462,0.2362539181269706,-0.6522050481779219
default,0.0,0.8,1.0,10.0,0.5,0.5,0.0,0.30115512597636224,-0.5160987471787447,0.37685310195411365,-0.9557240039911021,0.10476663385279038,-0.01111879302620186,0.3961733502793706,-1.2727910048474143
default,0.0,0.8,1.0,5.0,0.5,1.0,1.0,0.11445878836384893,0.11749817938012831,0.14479878293607998,0.1923100538164173,0.16877963713035238,0.11350798324867876,0.2650919965351479,-0.7758494043782171
default,0.0,0.8,20.0,30.0,0.5,1.0,1.0,0.10198477448566735,0.11313267804566994,0.1822189701856896,0.29510687001471464,0.2688509960885791,0.21524925784195575,0.22941806594850686,-0.5936147834894656
default,0.0,0.8,20.0,30.0,0.75,1.0,0.75,0.09094298522112897,0.08426704943284721,0.17855061707260148,0.2635283269440765,0.25908752358191706,0.20498474813012635,0.24853818268774033,-0.6743548107346746
default,0.0,0.8,10.0,5.0,0.5,0.5,0.0,0.11046367128579934,-0.13622303645735576,0.16499783502293208,-0.22737305020169074,0.1646093591542581,0.07872740104328996,0.36808336555461785,-1.1786676049439047
default,0.0,0.8,40.0,50.0,0.0,0.25,0.25,0.13575547219445033,0.17847431762920635,0.22312712851271416,0.42595304989625266,0.378216328016127,0.33886101007528063,0.14017923301371712,-0.027810137509198363
default,0.0,0.8,1.0,1.0,0.5,0.5,0.0,0.25032897243326646,-0.42484998220030257,0.36456105192948757,-0.9114234145704246,0.10987921562347543,-0.006109376939343352,0.39600201980124927,-1.2725846742541742
default,0.0,0.8,40.0,50.0,0.5,0.0,0.5,0.1214029315407328,0.14948262440479057,0.19106406453896202,0.33198855402717276,0.40429818488412606,0.361449409802098,0.130779900436446,-0.06040626229089015
default,0.0,0.8,5.0,5.0,0.5,1.0,1.0,0.11839252266680571,0.1506298126714383,0.1581865418433778,0.2511143690317911,0.19698655031475396,0.14171276478681732,0.2435370893596946,-0.6760638163778997
default,0.0,0.8,40.0,50.0,0.0,0.0,0.0,0.17410282973378774,0.2513999665810407,0.27063717581781277,0.5687317017948471,0.4366459258737946,0.39563046508962596,0.21559131039955906,0.3845394179881041
default,0.0,0.8,40.0,50.0,0.0,0.0,0.8,0.13767471392192043,0.18310248072397206,0.2019703248555184,0.3764584798118066,0.4120128457009535,0.36612893363798144,0.13665894791787672,0.09397224470753941
default,0.0,0.8,50.0,30.0,0.0,1.0,1.0,0.1303383951760124,0.17183467377474054,0.20115868828576786,0.3716892955902278,0.32585142716391646,0.2749729860450536,0.18238038922639135,-0.37466372282153476
default,0.0,0.8,0.0001,0.0001,0.9,1.0,1.0,0.09375589456810025,0.049865164028600605,0.18607803291827146,0.0807810887067158,0.1956556131816639,0.13504126993996413,0.20463816524096012,-0.5290990349181505
default,0.0,0.8,5.0,1.0,0.5,0.5,0.0,0.14703285377930256,-0.22925686093648398,0.29495044590340674,-0.7043409132236707,0.13000171661103938,0.04228854810062041,0.38624431106272966,-1.2418507742307117
default,0.0,0.8,20.0,30.0,0.75,0.75,0.25,0.07448475936529138,0.011136569465584462,0.16501173048525875,0.16190272306724174,0.2437163159864645,0.18099838906857543,0.2927544984310597,-0.8536696644784002
default,0.0,0.8,40.0,50.0,0.25,0.0,0.75,0.12628225574216898,0.16083983523057657,0.19140279593533802,0.3399962474790182,0.38493542968910827,0.35001839542614444,0.13596675756669419,-0.010475030403218536
default,0.0,0.8,5.0,5.0,0.5,0.5,0.0,0.18600019220159106,-0.29764850997622755,0.24782964139912342,-0.537322556307796,0.13085481473749008,0.02765149371993335,0.39052133315325327,-1.2544559581638348
default,0.0,0.8,20.0,30.0,0.0,0.5,1.0,0.12555114343355284,0.16280151124669487,0.19300825326641752,0.34649781392051904,0.33721803203436085,0.28698695996116685,0.1693805437833925,-0.3066799951622536
default,0.0,0.8,0.005,0.001,0.5,1.0,1.0,0.08892705413818952,0.0613783653491332,0.12104733399367136,0.0655097722472763,0.17991143929152278,0.12864472881230907,0.194793412258789,-0.541064466051833
default,0.0,0.8,40.0,50.0,0.25,1.0,1.0,0.1063694204530071,0.11970605387881217,0.18472660170147398,0.30248865327157926,0.3143197159033157,0.2594432890749969,0.21228153781047251,-0.5249252050136024
default,0.0,0.8,5.0,1.0,0.5,1.0,1.0,0.12063551963055576,0.1569419817216941,0.1359078354177526,0.16993285465146513,0.1958573413207746,0.12810720748656743,0.23483240101801822,-0.6553882422398906
default,0.0,0.8,20.0,30.0,0.25,1.0,0.25,0.08538200726831821,0.04202274465573671,0.1906924261480413,0.2619302163395411,0.23273549662777887,0.16340231182699616,0.29646633498590413,-0.8393646810028262
default,0.0,0.8,5.0,10.0,0.0,1.0,1.0,0.14017856490981268,0.18984373739513116,0.19312419017972954,0.3676217710095658,0.21246482171237255,0.15416885928773097,0.22743946209031077,-0.5862171666802533
default,0.0,0.8,1.0,10.0,0.5,0.5,0.5,0.09615149496002237,0.03661571525450296,0.16783547413445093,0.2156317274338314,0.18088469550619604,0.1194363286219692,0.26878089602188615,-0.7710867047180938
default,0.0,0.8,1.0,5.0,0.5,0.5,0.0,0.2950132741909207,-0.5101683458246694,0.370554150871797,-0.9363358187827997,0.10303260024073173,-0.014655463789048884,0.39653454715466346,-1.2743512604516298
default,0.0,0.8,10.0,1.0,0.5,0.5,0.0,0.11330044778624955,-0.14781254581189873,0.2583113358912052,-0.5921024360106274,0.14670351722909492,0.05953347987497442,0.37147472493281936,-1.193616601203746
default,0.0,0.8,40.0,50.0,0.0,1.0,0.75,0.10764700325751686,0.12112914358761483,0.1929231911131535,0.323831973123198,0.30010654556874766,0.2507684074235043,0.22116758661978209,-0.5473677788475297
default,0.0,0.8,20.0,30.0,1.0,0.0,1.0,0.0962902126195662,0.09917359393100475,0.15075830405111065,0.19652341644104684,0.37773226493745843,0.33600596984493075,0.14302355815926085,-0.2920055353570766
default,0.0,0.8,1.0,1.0,0.5,1.0,1.0,0.11906328327887426,0.13667418502613618,0.1295469141612048,0.12070579388989541,0.1560773032750366,0.09772717913603235,0.24431691212312934,-0.7161113355929504
default,0.0,0.8,40.0,50.0,0.0,0.25,0.0,0.14811027870366872,0.20198965143750428,0.24964283417143673,0.4967796594973844,0.3921895841806968,0.3541834592504903,0.16181672112824552,0.11807812132142045
default,0.0,0.8,1.0,10.0,0.0,0.0,1.0,0.12183008225511907,0.15389489368317077,0.13987546668916323,0.20524248913021778,0.36622971501833307,0.3236160040496043,0.1363345623631348,-0.30338770333391396
default,0.0,0.8,0.01,0.005,0.2,1.0,0.8,0.10638805621445985,0.10928492368675934,0.12773414978236317,0.1023174808441172,0.18224926195302193,0.13736056885405967,0.19180796426375066,-0.5355262653355723
default,0.0,0.8,0.0005,0.0001,0.8,1.0,1.0,0.08920475880187793,0.050574660629532316,0.13426021637132676,0.004786223552959163,0.1980229137346854,0.1383155025571752,0.20712685833801966,-0.6028566352553782
default,0.0,0.8,0.001,0.001,0.5,1.0,1.0,0.08967678740756951,0.06828486207061818,0.11910740138558758,0.09741823442958107,0.19249686865093393,0.13999664250437222,0.19212355447447527,-0.525654435747975
default,0.0,0.8,10.0,5.0,0.5,0.5,0.5,0.10613790960461089,0.1259761989555455,0.15991390085181864,0.24243236897625428,0.257642431386834,0.1935464314606747,0.2330620534655133,-0.6316403038161398
default,0.0,0.8,5.0,5.0,0.0,0.5,0.0,0.18667705902967677,-0.2878235131099069,0.23312674258270188,-0.4584606026259918,0.13891594726153342,0.021028782903926915,0.39015351077536337,-1.2535593207221634
default,0.0,0.8,40.0,50.0,0.0,0.0,0.75,0.14069994864665053,0.18917935427134755,0.20657417630968325,0.39156773860290245,0.41166452949513066,0.3718645378190468,0.14466391177697716,0.1201727515695225
default,0.0,0.8,20.0,30.0,1.0,0.5,0.5,0.0809684271579149,0.057763699991010886,0.16219302865314997,0.19431529288054186,0.29331133874670107,0.24360875921240283,0.2381701704418718,-0.6569643009647977
default,0.0,0.8,5.0,1.0,0.0,1.0,1.0,0.1727232529643271,0.25685467053603606,0.16211811136368012,0.2945238184040772,0.2012675699683744,0.12506122592277094,0.2262193250551025,-0.6309162382150449
default,0.0,0.8,1.0,10.0,0.0,0.5,0.0,0.3311321489277158,-0.5809926496798625,0.3818266107908987,-0.9681389558066607,0.11245925900158886,-0.02176848512815527,0.4007767958090662,-1.287378460915639
default,0.0,0.8,1.0,5.0,0.0,0.5,0.0,0.32729107245227546,-0.5720684099463629,0.38919141708026406,-0.985857764713908,0.11067859838663587,-0.027157048725578396,0.39731178233482534,-1.2759209882890181
default,0.0,0.8,20.0,30.0,0.25,0.0,0.25,0.12342193654156666,0.15527429680479085,0.19584773741311032,0.3460854641055262,0.4000270328192077,0.3598416864899004,0.1358749814244925,-0.009575065958242757
default,0.0,0.8,40.0,40.0,0.0,1.0,1.0,0.12276429462079211,0.15583125552350002,0.20303073755323742,0.36979256109848735,0.31832546319528543,0.265953950851274,0.1870480970957594,-0.4015988404379765
default,0.0,0.8,20.0,30.0,0.0,0.0,0.5,0.13733468695531598,0.182681483802566,0.19965990516296167,0.3702330029240836,0.3968316978475518,0.3591277398158462,0.1358762238149329,0.10141132509076642
default,0.0,0.8,10.0,1.0,0.5,0.0,1.0,0.08882172627726302,0.08370435953473566,0.12210371422298483,0.08875109412371872,0.3162100417866641,0.27260573702463714,0.18590150003346645,-0.4917419576499044
default,0.0,0.8,40.0,50.0,0.0,0.0,0.6,0.14203568560625696,0.19140155482795007,0.21267680038662,0.40550788891420747,0.40615506025510983,0.3689498788201462,0.12154663310704948,0.05048138101838129
default,0.0,0.8,1.0,1.0,0.0,1.0,1.0,0.16094040689083777,0.2343958397964909,0.1497944541779743,0.2487904928733306,0.15111949430282387,0.09709537992141588,0.23532890841400803,-0.6812701128464754
default,0.0,0.8,10.0,5.0,0.0,0.5,0.0,0.09457671378396669,-0.06482899149396025,0.1490445662872923,-0.016966604437937714,0.17264261186633295,0.08453076383547485,0.3597067758032743,-1.1448177281161127
default,0.0,0.8,20.0,30.0,0.5,0.0,0.0,0.11364573668090747,0.13509308021686744,0.19820216542448868,0.3397953321526647,0.40307936973548053,0.3632635866764094,0.14432221472080453,-0.03673976334668595
default,0.0,0.8,1.0,10.0,0.0,0.5,0.5,0.12477481785086264,0.12889453575642115,0.18602393491074684,0.3247610047225491,0.1839176292144779,0.1231180470879997,0.2551572841130704,-0.7060136387009734
default,0.0,0.8,40.0,50.0,0.5,0.5,0.25,0.09719970355943579,0.09545148241721257,0.18278512568527958,0.279242201448301,0.3234269503311201,0.2776980084068949,0.20588030299583399,-0.4951934586056294
default,0.0,0.8,20.0,30.0,1.0,1.0,0.0,0.12419043233743032,-0.16386339339304207,0.17002789925352796,-0.14626606712463577,0.15984430102125213,0.08022388142236658,0.3640863777077392,-1.1604159335371202
default,0.0,0.8,40.0,50.0,0.5,0.5,1.0,0.10950773172770883,0.1274312560414925,0.17997511837071564,0.29470045270686085,0.34611960763810556,0.3005989536296044,0.16544226188969163,-0.3324133952131702
default,0.0,0.8,40.0,50.0,0.25,0.25,0.0,0.12988386071406086,0.16616927965624445,0.22781605052059756,0.4288217254607566,0.37504346918626136,0.3375324037756767,0.15356866238190123,-0.024418872477388727
default,0.0,0.8,1.0,5.0,0.0,1.0,1.0,0.14484256587446892,0.1854451199732868,0.1675936423081767,0.29355115054260916,0.1658585340990557,0.09468530913004791,0.2570753704638426,-0.7473477589755146
default,0.0,0.8,10.0,5.0,0.5,0.0,1.0,0.0967777845777962,0.10191007610022824,0.1317822691359606,0.14048188049111746,0.3475639611548303,0.30819396228613316,0.16836512531815592,-0.42616718860815944
default,0.0,0.8,20.0,30.0,0.25,0.75,0.75,0.10390951501507655,0.11512862311979627,0.18442311777341988,0.29878372463690983,0.28664890951222377,0.23635784758728817,0.22302115915646117,-0.5651238845287877
default,0.0,0.8,10.0,10.0,0.0,0.5,0.0,0.10442378515573643,-0.10033952209720001,0.16579063932471055,0.0046617729152035325,0.17709539897781784,0.08852248220602026,0.3560028386592354,-1.1262978952157687
default,0.0,0.8,40.0,50.0,0.25,1.0,0.75,0.10724861503564477,0.121796644053145,0.19761893737468522,0.33414725040456184,0.31480212181003414,0.25777982347341205,0.21179599134688948,-0.5095628517468611
default,0.0,0.8,1.0,10.0,0.5,0.0,1.0,0.09208568359007639,0.08913632684294011,0.12987125362518426,0.12809939452058328,0.35559640425542427,0.31129433751901464,0.16167874756040046,-0.42876169408694437
default,0.0,0.8,1.0,1.0,0.0,0.5,0.0,0.2770952304172552,-0.47857373381421503,0.38426347698164875,-0.9563384089324128,0.1136680975545301,-0.01418961542378302,0.39721803467260824,-1.2763216378004407
default,0.0,0.8,0.009,0.005,0.9,1.0,1.0,0.08885377336807612,0.048757192809414415,0.12498818550773437,0.09664376928083974,0.1842727447868378,0.12613590658404036,0.2000365731333665,-0.5363283713246904
default,0.0,0.8,10.0,5.0,0.0,0.5,0.5,0.1442658515369333,0.20330485216740535,0.19097252112236793,0.3639865294774303,0.26849795031004187,0.21215859659355207,0.2141648861060361,-0.5346861210902443
default,0.0,0.8,5.0,5.0,0.0,1.0,1.0,0.15101673482835062,0.21581844459375285,0.17928155142303978,0.3360256376787783,0.2094887267728675,0.147095782027574,0.23508882597633957,-0.6334798807953236
default,0.0,0.8,20.0,30.0,0.75,0.0,0.75,0.09751352503773625,0.10096947758864794,0.15427955558006162,0.20228952647358675,0.38840140173655385,0.3423860013705193,0.15094980966429333,-0.3197453645645645
default,0.0,0.8,40.0,50.0,0.25,0.0,0.0,0.15438205151204773,0.21395549971560343,0.2479032647298168,0.5000249288931404,0.42031581808470464,0.3849029866380764,0.17906528093463536,0.2783628521743382
default,0.0,0.8,0.001,0.001,0.8,1.0,1.0,0.09120481740900904,0.04978479770737988,0.11308443852430848,0.07638332965598313,0.1799813395726805,0.13010231095131522,0.18525809470142704,-0.5062829133739537
default,0.0,0.8,5.0,1.0,0.0,0.5,0.0,0.10869435522217143,-0.11534889922487605,0.2719260856019045,-0.6182013950960477,0.12267715899098522,0.03546243727465895,0.3882478536543022,-1.248479881576021
default,0.0,0.8,0.01,0.01,0.5,1.0,1.0,0.10135037768129711,0.07865715155390689,0.11644025544643585,0.08328039741440485,0.18487942409625566,0.12039091784279118,0.1945937433748491,-0.5240114063433693
default,0.0,0.8,20.0,30.0,0.5,0.5,1.0,0.10522108348182178,0.12094760006603539,0.17547224444286075,0.279068850047642,0.3158070086280408,0.27384090250071563,0.1880039476944058,-0.4478122641285103
default,0.0,0.8,5.0,5.0,0.0,1.0,0.5,0.1443166588684101,0.1986743990356555,0.20657802769183228,0.40732203709461334,0.1794022366318646,0.11310932105724135,0.27922784149932117,-0.7791119180185908
default,0.0,0.8,10.0,5.0,0.0,1.0,0.0,0.15197299919137466,-0.22117249491027743,0.23706359202411054,-0.5151722658147762,0.13007099311294962,0.027204648668744988,0.390485560611957,-1.2549082311422681
default,0.0,0.8,1.0,10.0,0.0,1.0,0.0,0.3537924740111273,-0.6213571355927121,0.4075479628333635,-1.0434429916838626,0.11220006628128942,-0.031435756897287274,0.39848402784291226,-1.281754216788811
default,0.0,0.8,0.015,0.005,0.9,1.0,1.0,0.08608325554032246,0.05266764711812212,0.11288067533215697,0.050213069776361655,0.19291076837768203,0.14347583663240168,0.1932870516483279,-0.5323480371245078
default,0.0,0.8,20.0,30.0,0.25,1.0,0.75,0.10209843900208534,0.11015345706047112,0.18941036433592087,0.3133567594782484,0.2765837504204207,0.21547250402087448,0.24275071205801582,-0.6390389705729589
default,0.0,0.8,1.0,5.0,0.5,0.0,0.0,0.08137535809709902,-0.0986164171833411,0.15425666571073524,-0.27789144732431087,0.28290699715580303,0.24194269987703698,0.29890425997076653,-0.9446432642179959
default,0.0,0.8,1.0,10.0,1.0,0.0,0.5,0.07295404872723743,0.0309041839241459,0.1318941584084405,0.07218893996081338,0.35180372121813963,0.3150099723860947,0.17063278912703037,-0.4617274324038416
default,0.0,0.8,40.0,30.0,0.0,1.0,1.0,0.1280240965128313,0.16679323410883617,0.20138522551524746,0.37275179070935227,0.3095575256088241,0.261690523850468,0.1914213001604046,-0.4189051355876151
default,0.0,0.8,1.0,5.0,0.0,1.0,0.5,0.14565132808839834,0.1591702100438401,0.2052062787004494,0.389018849423404,0.14812797370676398,0.07900217409487444,0.2813126362304184,-0.8157237221943439
default,0.0,0.8,10.0,1.0,1.0,0.0,0.0,0.0685573637912464,-0.04698429847591729,0.12706179247563187,-0.10264284809529402,0.3666808915206575,0.33115331905006806,0.15990197802974457,-0.33661948058191804
default,0.0,0.8,40.0,50.0,0.0,0.25,0.5,0.12945723103317677,0.16572297111068904,0.20931212776520072,0.3865603997659004,0.37053515168033135,0.33278060345904503,0.1417348107105258,-0.1118842410223655
default,0.0,0.8,40.0,50.0,0.0,1.0,0.25,0.0943462798727236,0.08218578497552273,0.19265262211323123,0.29667256224668676,0.2760078323090177,0.21796974689202184,0.2621021902529951,-0.7015651147146824
default,0.0,0.8,5.0,5.0,0.5,0.0,0.0,0.070537187021493,0.014899888187739877,0.13293095003880448,0.04671803044296918,0.3654423626705961,0.3234686695471723,0.18743461011752294,-0.49200766814005037
default,0.0,0.8,5.0,10.0,0.0,0.0,0.0,0.17497520757495527,0.25174162885119866,0.2732863325376448,0.5758151145125628,0.42930970199990376,0.3996268188636625,0.16724660242798053,0.2950951341573331
default,0.0,0.8,10.0,5.0,1.0,0.0,0.5,0.07657262241940054,0.04726400738185463,0.12777229317401936,0.07750912800363141,0.34976379423667103,0.31352535237079027,0.1695449324393621,-0.42199773502044474
default,0.0,0.8,10.0,1.0,1.0,0.0,0.5,0.07023778070372023,0.01715174895356991,0.11888036989387046,0.0016131128006356718,0.32357986356055335,0.2808128881804122,0.18781610792547287,-0.49102510935943605
default,0.0,0.8,0.01,0.005,0.6,0.8,1.0,0.09015898719960262,0.06337218862406825,0.11608679441162358,0.07287495817478282,0.17699820671013025,0.12698133673443665,0.18925492952238135,-0.5213359735185885
default,0.0,0.8,20.0,30.0,0.0,1.0,1.0,0.11685292788282016,0.14309300958355659,0.19642236463645318,0.3483443720567563,0.27562813499921607,0.22010293194243746,0.21977305605138212,-0.5436596740026352
default,0.0,0.8,1.0,10.0,1.0,0.0,0.0,0.09526707511573862,-0.13585774315541496,0.19046446880376752,-0.4205172945474626,0.2559418919345343,0.21365470887287505,0.325963934561197,-1.0444026363009251
default,0.0,0.8,40.0,50.0,0.25,0.5,1.0,0.11728422673035177,0.14396317842894144,0.19011911220909875,0.3301980248903056,0.34795413437318895,0.30657542550559624,0.1598310678077156,-0.2832699068796754
default,0.0,0.8,5.0,1.0,0.5,0.0,0.0,0.06620448027324478,-0.02086175700727341,0.12337226257232484,-0.053909560367621984,0.3643606432483898,0.32888058881989723,0.15251686936893669,-0.3180447284791281
default,0.0,0.8,40.0,50.0,0.0,0.25,0.75,0.13212341199933983,0.17234580376054315,0.2042865650551088,0.37576773757934195,0.38577616694833694,0.343955359055248,0.13855913522833455,-0.06925006622979656
default,0.0,0.8,20.0,30.0,0.75,1.0,0.25,0.0771160817847334,0.01158796420661808,0.17542877784899424,0.19555827993894667,0.2243863718342857,0.1598477486045929,0.3022643195022839,-0.8800156839555916
default,0.0,0.8,10.0,5.0,1.0,0.0,0.0,0.06842282512126906,0.004708013946442283,0.1285735021638725,0.011550824049161154,0.35653856620582614,0.32275869146853414,0.17146749200566613,-0.4200847559269241
default,0.0,0.8,0.01,0.005,0.8,1.0,1.0,0.08528646147608597,0.04721961285625331,0.12155393686098843,0.05635258606984001,0.1710258486727622,0.12380111948098288,0.163027147942636,-0.4161446203542231
default,0.0,0.8,1.0,1.0,0.0,1.0,0.5,0.17498635645037852,0.2598202353631635,0.16899358581229126,0.31874824259992385,0.15375769451181726,0.08811212496582489,0.2721569561285504,-0.8117440540113812
default,0.0,0.8,5.0,10.0,0.0,0.0,0.5,0.12553690231801345,0.16064089213191243,0.1619822129119817,0.2652221098304013,0.389544345905292,0.34598501500017653,0.12796201290127046,-0.20299584993129546
default,0.0,0.8,1.0,1.0,0.5,0.0,0.0,0.07543054379841209,-0.08450855761891203,0.14219541818297357,-0.23349486942266495,0.3204853037417289,0.2870692039919547,0.23034463174664266,-0.6963098914787589
default,0.0,0.8,10.0,5.0,0.0,1.0,0.5,0.14948946631852517,0.2138750278571122,0.2034657394915707,0.4012697311195667,0.21632079110674074,0.14366578070085587,0.2653416006438424,-0.7269612310787346
default,0.0,0.8,40.0,50.0,0.0,0.75,1.0,0.11562207340449888,0.1399464690551477,0.19219131927227137,0.33061677310584286,0.32889702653214575,0.28466689675064766,0.18469713751815717,-0.3803104357228847
default,0.0,0.8,20.0,30.0,0.75,0.75,0.75,0.09737166955031039,0.10351636485027323,0.1834894184892254,0.28727403448227334,0.2966067445531625,0.24324886519598313,0.21429488315725082,-0.5393270125547703
default,0.0,0.8,10.0,10.0,0.0,0.0,1.0,0.1279843151075574,0.16750167904360497,0.15848617491704756,0.2597869316869395,0.3815988831851245,0.34457445784150353,0.13165541898442193,-0.22869276062878302
default,0.0,0.8,40.0,50.0,0.0,0.0,0.5,0.14738251616179027,0.200540138433168,0.22226431151253567,0.4334214095287167,0.4095988487311036,0.37785472269750586,0.1528991232263547,0.12945531763156162
default,0.0,0.8,40.0,50.0,0.25,0.0,0.25,0.14001714756042788,0.1865213559205342,0.22080519149103217,0.4236975825558837,0.4033498094116494,0.3699728766726375,0.1575016202796585,0.14960485273985588
default,0.0,0.8,5.0,1.0,0.0,1.0,0.5,0.18484871988779267,0.27936690733508523,0.18417506141288703,0.3595860496247357,0.18616338560337048,0.11329919744539872,0.25324380688574294,-0.7215157491444543
default,0.0,0.8,1.0,10.0,0.0,1.0,0.5,0.14045443298639387,0.07421613276638782,0.20522332618049643,0.3581154421634114,0.14821858874358246,0.07463858052923875,0.2972628772051533,-0.835754643386251
default_nodensity,0.0,0.8,0.01,0.0,0.5,1.0,1.0,0.13992628862075857,-0.12841688286860004,0.16869300836628165,-0.07559251765996994,0.12919041334168774,0.06065177122119649,0.3130857550414006,-0.9805590555536466
default_nodensity,0.0,0.8,0.01,0.0,0.5,1.0,1.0,0.13992628862075857,-0.12841688286860004,0.16869300836628165,-0.07559251765996994,0.12919041334168774,0.06065177122119649,0.3140072016970781,-0.9840453673574079
default_nodensity,0.0,0.8,0.1,0.0,0.5,1.0,1.0,0.12998701366701843,-0.10292404676622666,0.1676589838539003,-0.032098503094006386,0.13707484330948852,0.07636009884618453,0.3130986506950688,-0.9868831898064593
default_nodensity,0.0,0.8,0.01,0.0,0.5,1.0,1.0,0.13992628862075857,-0.12841688286860004,0.16869300836628165,-0.07559251765996994,0.12919041334168774,0.06065177122119649,0.3140072016970781,-0.9840453673574079
default_nodensity,0.0,0.8,0.1,0.0,0.5,1.0,1.0,0.12998701366701843,-0.10292404676622666,0.1676589838539003,-0.032098503094006386,0.13707484330948852,0.07636009884618453,0.3130986506950688,-0.9868831898064593
default_nodensity,0.0,0.8,1.0,0.0,0.5,1.0,1.0,0.09941725128185547,-0.03804237095307669,0.15737996053485345,0.07137206240053039,0.1693975490843261,0.09884914677047588,0.30052989859188695,-0.927044661271069
default_nodensity,0.0,0.8,0.01,0.0,0.5,1.0,1.0,0.13992628862075857,-0.12841688286860004,0.16869300836628165,-0.07559251765996994,0.12919041334168774,0.06065177122119649,0.3140072016970781,-0.9840453673574079
default_nodensity,0.0,0.8,20.0,0.0,0.5,1.0,1.0,0.07881480431446942,0.03449655226424811,0.1692825631689695,0.19736358945533883,0.25988561932273174,0.2091057318323242,0.2670954893129281,-0.7505474771856119
default_nodensity,0.0,0.8,0.1,0.0,0.5,1.0,1.0,0.12998701366701843,-0.10292404676622666,0.1676589838539003,-0.032098503094006386,0.13707484330948852,0.07636009884618453,0.3130986506950688,-0.9868831898064593
default_nodensity,0.0,0.8,30.0,0.0,0.5,1.0,1.0,0.08132157987826771,0.049152402064612286,0.17063855926317786,0.21339883442021496,0.27521220320488404,0.22380311156479982,0.2568259242896528,-0.7032810116813075
default_nodensity,0.0,0.8,1.0,0.0,0.5,1.0,1.0,0.09941725128185547,-0.03804237095307669,0.15737996053485345,0.07137206240053039,0.1693975490843261,0.09884914677047588,0.30052989859188695,-0.927044661271069
default_nodensity,0.0,0.8,5.0,0.0,0.5,1.0,1.0,0.08269943697805535,0.0020640389381263824,0.16451840808971768,0.16041216396350735,0.2009600992696606,0.133719967678148,0.2778027575811135,-0.7896359001175146
default_nodensity,0.0,0.8,0.01,0.0,0.5,1.0,1.0,0.13992628862075857,-0.12841688286860004,0.16869300836628165,-0.07559251765996994,0.12919041334168774,0.06065177122119649,0.3140072016970781,-0.9840453673574079
default_nodensity,0.0,0.8,10.0,0.0,0.5,1.0,1.0,0.08014323547337394,0.01582579502221085,0.16592289977267277,0.17950009244804904,0.23513671932400343,0.1759974673437588,0.281981595761823,-0.8015937519972869
default_nodensity,0.0,0.8,40.0,0.0,0.5,1.0,1.0,0.08520166050949833,0.06158334855309054,0.1760215297297485,0.23586760428260942,0.3083257959532433,0.2515703168130327,0.24783713956206685,-0.6695666731197091
default_nodensity,0.0,0.8,20.0,0.0,0.5,1.0,1.0,0.07881480431446942,0.03449655226424811,0.1692825631689695,0.19736358945533883,0.25988561932273174,0.2091057318323242,0.2670954893129281,-0.7505474771856119
default_nodensity,0.0,0.8,0.1,0.0,0.5,1.0,1.0,0.12998701366701843,-0.10292404676622666,0.1676589838539003,-0.032098503094006386,0.13707484330948852,0.07636009884618453,0.3130986506950688,-0.9868831898064593
default_nodensity,0.0,0.8,30.0,0.0,0.5,1.0,1.0,0.08132157987826771,0.049152402064612286,0.17063855926317786,0.21339883442021496,0.27521220320488404,0.22380311156479982,0.2568259242896528,-0.7032810116813075
default_nodensity,0.0,0.8,1.0,0.0,0.5,1.0,1.0,0.09941725128185547,-0.03804237095307669,0.15737996053485345,0.07137206240053039,0.1693975490843261,0.09884914677047588,0.30052989859188695,-0.927044661271069
default_nodensity,0.0,0.8,5.0,0.0,0.5,1.0,1.0,0.08269943697805535,0.0020640389381263824,0.16451840808971768,0.16041216396350735,0.2009600992696606,0.133719967678148,0.2778027575811135,-0.7896359001175146
default_nodensity,0.0,0.8,0.01,0.0,0.5,1.0,1.0,0.13992628862075857,-0.12841688286860004,0.16869300836628165,-0.07559251765996994,0.12919041334168774,0.06065177122119649,0.3140072016970781,-0.9840453673574079
default_nodensity,0.0,0.8,10.0,0.0,0.5,1.0,1.0,0.08014323547337394,0.01582579502221085,0.16592289977267277,0.17950009244804904,0.23513671932400343,0.1759974673437588,0.281981595761823,-0.8015937519972869
default_nodensity,0.0,0.8,40.0,0.0,0.5,1.0,1.0,0.08520166050949833,0.06158334855309054,0.1760215297297485,0.23586760428260942,0.3083257959532433,0.2515703168130327,0.24783713956206685,-0.6695666731197091
